text,tags
"biệt thự 3 tầng 2 mặt tiền nam hoà xuân khu vực dân trí cao (làng đại gia) kinh doanh buôn bán sầm uất. vị trí ngay đầu đường văn tiến dũng. cách chợ hoà xuân 2 phút đi bộ. gần trường, uỷ ban phường và rất nhiều tiện ích xung quanh. pháp lý cc.",B-LOAI_BDS I-LOAI_BDS B-SO_TANG I-SO_TANG B-VI_TRI I-VI_TRI I-VI_TRI O O O O O B-AN_NINH I-AN_NINH I-AN_NINH O O O O O B-KINH_DOANH I-KINH_DOANH I-KINH_DOANH I-KINH_DOANH O O O O O O O O O B-DICH_VU O O O O O O O B-DICH_VU O O O O O O O O O O O O O
"nhà 3 tầng phòng khách rộng rãi, 3pn, wc, p.thờ, sân phơi mặt tiền 5m, đường 8m ,lề 4m, đỗ ô tô vivu khu vực giao thông thuận tiện, gần cầu nguyễn tri phương, sát tuyến đường lớn võ chí công tiện ích xung quanh đầy đủ không thiếu thứ gì trường học, chợ, bệnh viên cách vài cây số cách biển, sân bay chỉ vài cây số dân cư đông đúc, phù hợp ở hoặc mở vp công ty, kinh doanh . giá dưới 5 tỷ , vẫn còn thương lượng liên hệ ngay để xem nhà mr hùng",B-LOAI_BDS B-SO_TANG I-SO_TANG B-TIEN_ICH_KHAC I-TIEN_ICH_KHAC O O B-SO_PHONG_NGU O B-TIEN_ICH_KHAC B-TIEN_ICH_KHAC I-TIEN_ICH_KHAC B-VI_TRI I-VI_TRI O B-DUONG_KIET I-DUONG_KIET B-VIA_HE I-VIA_HE B-KV_DE_XE I-KV_DE_XE I-KV_DE_XE I-KV_DE_XE O O O O O O O B-DICH_VU O O O O O O O O O O O O O O O O O O O O B-DICH_VU I-DICH_VU B-DICH_VU B-DICH_VU I-DICH_VU O O O O O B-DICH_VU B-DICH_VU I-DICH_VU O O O O B-DAN_CU I-DAN_CU I-DAN_CU I-DAN_CU O O O O O O B-DICH_VU I-DICH_VU O O O O O B-GIA I-GIA O O O O O O O O O O O O O
"chính chủ cần bán nhà 2 tầng 2 phòng ngủ với diện tích đất 50m. nằm tại khu phố thời trang bậc nhất đà nẵng. gần chợ, siêu thị, trường học, bệnh viện, công viên tiện ích xung quanh chỉ vài bước chân. đặc biệt khu vực cao ráo không ngập lụt khi trời mưa bão. khách hàng thiện chí liên hệ mr nguyên xem nhà và làm việc trực tiếp chính chủ.",O O O B-LOAI_BDS I-LOAI_BDS B-SO_TANG I-SO_TANG B-SO_PHONG_NGU I-SO_PHONG_NGU I-SO_PHONG_NGU O O O O B-DIEN_TICH O O O O O O O O O O O B-DICH_VU B-DICH_VU I-DICH_VU B-DICH_VU I-DICH_VU B-DICH_VU I-DICH_VU B-DICH_VU I-DICH_VU O O O O O O O O O O O O O O B-THOAT_NUOC I-THOAT_NUOC I-THOAT_NUOC I-THOAT_NUOC I-THOAT_NUOC I-THOAT_NUOC I-THOAT_NUOC O O O O O O O O O O O O O O O O O
"khách sạn 3 sao, vị trí đắc địa trung tâm thành phố, hiện tại đang cho thuê, đối tác vận hành khai thác công suất sử dụng phòng 100 . khách hàng thiện chí liên hệ ms phương để làm việc trực tiếp chính chủ.",B-LOAI_BDS I-LOAI_BDS O O O O O O B-DIA_DIEM I-DIA_DIEM I-DIA_DIEM I-DIA_DIEM O O B-TINH_TRANG_KD I-TINH_TRANG_KD I-TINH_TRANG_KD O O O O O O O O O O O O O O O O O O O O O O O O O O O O
"duy nhất hôm nay chốt giá bán nhanh nhà mt điện biên phủ, đường 45m, đối diện ngân hàng, vị trí đẹp, kinh doanh phù hợp tất cả nhiều loại hình. có thể vừa ở vừa cho thuê. khách thiện chí liên hệ nhanh mr nguyên để làm việc trực tiếp.",O O O O O O B-LOAI_BDS I-LOAI_BDS I-LOAI_BDS B-VI_TRI O O O B-DUONG_KIET I-DUONG_KIET O O B-DICH_VU I-DICH_VU O O O B-TIEM_NANG I-TIEM_NANG I-TIEM_NANG I-TIEM_NANG I-TIEM_NANG I-TIEM_NANG I-TIEM_NANG I-TIEM_NANG I-TIEM_NANG B-TIEM_NANG I-TIEM_NANG I-TIEM_NANG I-TIEM_NANG I-TIEM_NANG I-TIEM_NANG I-TIEM_NANG O O O O O O O O O O O O O
"chính chủ cần bán toà căn hộ có dòng tiền thu nhập ổn định 50 triệu/ tháng chỉ hơn 7 tỷ. dtsd 440m ngang 5 m, đường 7,5m, 12 căn hộ cho thuê kín. khách thiện chí liên hệ mr nguyên làm việc trực tiếp.",O O O B-LOAI_BDS I-LOAI_BDS I-LOAI_BDS I-LOAI_BDS O O O O O O O O O O O O B-GIA I-GIA O B-DIEN_TICH B-CHIEU_RONG I-CHIEU_RONG I-CHIEU_RONG B-DUONG_KIET I-DUONG_KIET O O O O O O O O O O O O O O O O O
"bán đất 2 mặt tiền p. mỹ an, q. ngũ hành sơn. hiện đang cho thuê để làm bar ngoài trời cho khách tây. diện tích 252m². đường mặt tiền mỹ đa đông 12 và 1 mặt kiệt lớn. vị trí chỉ 3 phút đi bộ ra biển mỹ khê, nằm gần phố đi bộ an thượng, chợ bắc mỹ an, cụm khách sạn nhà hàng và resort. thích hợp mua xây dựng homestay, khách sạn, căn hộ cho thuê, nhà hàng, kinh doanh đa ngành.",B-LOAI_BDS I-LOAI_BDS O B-VI_TRI I-VI_TRI B-DIA_CHI I-DIA_CHI I-DIA_CHI I-DIA_CHI I-DIA_CHI I-DIA_CHI I-DIA_CHI O B-TINH_TRANG_KD I-TINH_TRANG_KD I-TINH_TRANG_KD O O O O O O O O O O B-DIEN_TICH O O O O O O O O O O O O O O O O O O O O B-DICH_VU O O O O B-DICH_VU I-DICH_VU I-DICH_VU O O B-DICH_VU O O O O B-DICH_VU I-DICH_VU B-DICH_VU I-DICH_VU O B-DICH_VU B-TIEM_NANG I-TIEM_NANG I-TIEM_NANG I-TIEM_NANG I-TIEM_NANG I-TIEM_NANG I-TIEM_NANG I-TIEM_NANG I-TIEM_NANG I-TIEM_NANG I-TIEM_NANG I-TIEM_NANG I-TIEM_NANG I-TIEM_NANG I-TIEM_NANG I-TIEM_NANG I-TIEM_NANG I-TIEM_NANG
"bán ngôi nhà tâm huyết nội thất gỗ xịn đường 10.5m lê tấn trung gần phan bá phiến. thọ quang. sơn trà. vị trí tuyến đường kinh doanh sầm uất, gần chợ chiều, gần biển, khu dân cư đông đúc, tiện ích đầy đủ. diện tích 117.5m2 (5m * 23.5m). hướng tây bắc. đường 10.5m, lề 4.5m. nhà 3 tầng nội thất gỗ xịn gồm sân rộng, phòng khách, bếp, 4 phòng ngủ (có phòng ngủ dưới), 6wc, sân thượng thoáng mát. giá bán đến công chứng 7.6 tỷ (có thương lượng) liên hệ 0902 209 190 ms giang call/zalo.",B-LOAI_BDS I-LOAI_BDS I-LOAI_BDS O O B-NOI_THAT I-NOI_THAT I-NOI_THAT I-NOI_THAT B-DUONG_KIET I-DUONG_KIET O O O O O O O O O O O O O O O B-KINH_DOANH I-KINH_DOANH I-KINH_DOANH I-KINH_DOANH O B-DICH_VU O O B-DICH_VU B-DAN_CU I-DAN_CU I-DAN_CU I-DAN_CU I-DAN_CU O O O O O O B-DIEN_TICH B-CHIEU_RONG O B-CHIEU_DAI B-HUONG_NHA I-HUONG_NHA I-HUONG_NHA B-DUONG_KIET I-DUONG_KIET B-VIA_HE I-VIA_HE O B-SO_TANG I-SO_TANG O O O O O B-SAN_VUON O B-TIEN_ICH_KHAC I-TIEN_ICH_KHAC B-TIEN_ICH_KHAC B-SO_PHONG_NGU I-SO_PHONG_NGU I-SO_PHONG_NGU O O O O B-SO_TOILET B-STHUONG_BCONG I-STHUONG_BCONG O O O O O O O B-GIA I-GIA O O O O O O O O O O O
"bán gấp nhà 3 tầng mặt tiền đường an trung đông 1, tp đà nẵng. vị trí cách cầu rồng 100m. cách biển mỹ khê 2km. cách đường võ văn kiệt 50m. tiện ích vô vàn, gần trường học, bệnh viện 119, chợ, hàng xóm trí thức, thân thiện. phù hợp cho vợ chồng trẻ lập nghiệp tại tp đáng sống nhất việt nam.",B-LOAI_BDS I-LOAI_BDS I-LOAI_BDS B-SO_TANG I-SO_TANG B-VI_TRI I-VI_TRI B-DIA_CHI I-DIA_CHI I-DIA_CHI I-DIA_CHI I-DIA_CHI I-DIA_CHI I-DIA_CHI I-DIA_CHI O O O B-DICH_VU O O O B-DICH_VU O O O O O O O O O O O O O O B-DICH_VU I-DICH_VU B-DICH_VU I-DICH_VU O B-DICH_VU O O O O O O B-TIEM_NANG I-TIEM_NANG I-TIEM_NANG I-TIEM_NANG I-TIEM_NANG I-TIEM_NANG I-TIEM_NANG I-TIEM_NANG O O O O O O O
"chủ cần bán khách sạn biển sơn trà gần sát đường võ nguyên giáp. cách bãi tắm vài bước chân. khu vực kinh doanh sầm uất. mọi thông tin liên hệ ms phương để làm việc trực tiếp chủ. có thể bán 500m, 700m đất theo mong muốn của quý khách.",O O B-LOAI_BDS I-LOAI_BDS I-LOAI_BDS B-DICH_VU O O O O B-DIA_CHI I-DIA_CHI I-DIA_CHI I-DIA_CHI O B-DICH_VU I-DICH_VU O O O O O B-KINH_DOANH I-KINH_DOANH I-KINH_DOANH I-KINH_DOANH O O O O O O O O O O O O O O O O O O O O O O O O O
"vị trí trung tâm khu phố tây an thượng , tuyến phố được định hướng phát triển du lịch , lưu trú , ẩm thực sầm uất bậc nhất đà nẵngdiện tích 335m2, ngang 15m xây dựng 12 tầng giá bán 34,5 tỷ liên hệ để dẫn đi xem đất",O O B-DIA_DIEM I-DIA_DIEM O O O O O O O O O O O O O O O O O O O O O B-KINH_DOANH I-KINH_DOANH O O O O O B-DIEN_TICH B-CHIEU_RONG I-CHIEU_RONG O O B-SO_TANG I-SO_TANG O O B-GIA I-GIA O O O O O O O
"nhà 2 tầng tiên sơn 6 bán nhà 2 tầng tiên sơn 6 hải châu đà nẵng dtđ 64m2 (4 x 16)m đường 5,5m, vĩa hè 3m hường tây bắc nhà xây kiên cố , tầng 1 sân để xe , phòng khách , phòng ngủ , wc , bếp tầng 2 phòng thờ , 2 phòng ngủ , wc , sân phơi . .. vị trí gần đường xô viết nghệ tỉnh, trường đh kiến trúc, đh đông á. tiện ích xung quanh đầy đủ, khu dân cư toàn nhà cao tầng, an ninh tốt... gía 3,95 tỷ (có hỗ trợ 70 bank). zalo o987 901 827",O B-SO_TANG I-SO_TANG O O O B-LOAI_BDS I-LOAI_BDS B-SO_TANG I-SO_TANG B-DIA_CHI I-DIA_CHI I-DIA_CHI I-DIA_CHI I-DIA_CHI I-DIA_CHI I-DIA_CHI O B-DIEN_TICH B-CHIEU_RONG O B-CHIEU_DAI B-DUONG_KIET I-DUONG_KIET B-VIA_HE I-VIA_HE I-VIA_HE B-HUONG_NHA I-HUONG_NHA I-HUONG_NHA O O O O O O O B-KV_DE_XE I-KV_DE_XE I-KV_DE_XE O B-TIEN_ICH_KHAC I-TIEN_ICH_KHAC O O O O O O B-TIEN_ICH_KHAC O O B-TIEN_ICH_KHAC I-TIEN_ICH_KHAC O B-SO_PHONG_NGU I-SO_PHONG_NGU I-SO_PHONG_NGU O O O B-TIEN_ICH_KHAC I-TIEN_ICH_KHAC O O O O O O O O O O B-DICH_VU O O O O O O O O O O O O O O O O O O O B-AN_NINH I-AN_NINH I-AN_NINH O B-GIA I-GIA O O O O O O O O O
"dãy trọ mt đường đoàn phú tứ bán dãy trọ mặt tiền đường đoàn phú tứ liên chiểu đà nẵng dtđ 147m2 (5 x 29)m đường 7.5m, vỉa hè rộng 4,5m công năng gồm 6 phòng trọ và 6 wc. dòng tiền ổn định thu nhập 6 triệu/tháng vị trí gần trường tiểu học phan phu tiên, gần đh sư phạm, đh bk, cđ kế hoạch và chợ hòa khánh, siêu thị. khu dân cư đông đúc, an ninh tốt, hàng xóm thân thiện, con đường thông ra đường ngô văn sở, thuận tiện đi lại... giá 3,7 tỷ zalo o987 901 827",O O B-VI_TRI O O O O O O O B-VI_TRI I-VI_TRI O O O O O O O O O B-DIEN_TICH B-CHIEU_RONG O B-CHIEU_DAI B-DUONG_KIET I-DUONG_KIET B-VIA_HE I-VIA_HE I-VIA_HE I-VIA_HE O O O O O O O O O O O O O O O O O O O O B-DICH_VU O O O O O O O O O O O O O O O B-DICH_VU O O B-DICH_VU I-DICH_VU B-DAN_CU I-DAN_CU I-DAN_CU I-DAN_CU I-DAN_CU B-AN_NINH I-AN_NINH I-AN_NINH O O O O O O O O O O O O O O O O O B-GIA I-GIA O O O O
"nhà 2 tầng , dtd 75m, dtsd 144m, hướng tây bắc, gần đường hà tông quyền chỉ hơn 4 tỷ. vị trí này rất mát mẻ, gần đường hà tông quyền và nguyễn hữu thọ. gần công viên, sân bóng đá, gần toà căn hộ cho thuê thích hợp để ở hoặc làm văn phòng công ty. chỉ cần khách thiện chí liên hệ mr nguyên để làm việc trực tiếp chính chủ.",B-LOAI_BDS B-SO_TANG I-SO_TANG O O B-DIEN_TICH O O B-HUONG_NHA I-HUONG_NHA I-HUONG_NHA O O O O O O O B-GIA I-GIA O O O O O O O O O O O O O O O O B-DICH_VU I-DICH_VU B-DICH_VU I-DICH_VU I-DICH_VU O B-LOAI_BDS I-LOAI_BDS I-LOAI_BDS O O B-TIEM_NANG I-TIEM_NANG I-TIEM_NANG I-TIEM_NANG I-TIEM_NANG I-TIEM_NANG I-TIEM_NANG I-TIEM_NANG I-TIEM_NANG I-TIEM_NANG O O O O O O O O O O O O O O O O
"chính chủ cần bán gấp nhà biệt thự dtd 115m, ngang 6m, 2 tầng đường 35m, lề 6m chỉ hơn 8,5 tỷ. vị trí thuận tiện để ở, kinh doanh, văn phòng, xây dựng căn hộ cho thuê rất đắc địa. khách thiện chí liên hệ ngay mr nguyên tư vấn xem nhà miễn phí . cam kết thông tin trên tin đăng 100 sự thật.",O O O B-LOAI_BDS I-LOAI_BDS I-LOAI_BDS O O O B-DIEN_TICH B-CHIEU_RONG I-CHIEU_RONG B-SO_TANG I-SO_TANG B-DUONG_KIET I-DUONG_KIET B-VIA_HE I-VIA_HE O O B-GIA I-GIA O O B-TIEM_NANG I-TIEM_NANG I-TIEM_NANG I-TIEM_NANG I-TIEM_NANG I-TIEM_NANG I-TIEM_NANG I-TIEM_NANG I-TIEM_NANG I-TIEM_NANG I-TIEM_NANG I-TIEM_NANG I-TIEM_NANG I-TIEM_NANG I-TIEM_NANG I-TIEM_NANG I-TIEM_NANG O O O O O O O O O O O O O O O O O O O O O O O O O
"chính chủ cần tiền bán gấp trong tuần nhà mt khu đô thị người giàu nam việt á. diện tích gần 100m, ngang 5 vuông vắn đẹp. nhà 3 tầng 4 phòng ngủ, sân thượng, bếp, phòng khách khách thiện chí liên hệ nhanh mr nguyên để cọc mua ngay căn nhà này.",O O O O B-LOAI_BDS I-LOAI_BDS I-LOAI_BDS I-LOAI_BDS I-LOAI_BDS B-VI_TRI O O O O O O O O O O O B-DIEN_TICH O B-CHIEU_RONG O O O O B-SO_TANG I-SO_TANG B-SO_PHONG_NGU I-SO_PHONG_NGU I-SO_PHONG_NGU B-STHUONG_BCONG I-STHUONG_BCONG B-TIEN_ICH_KHAC B-TIEN_ICH_KHAC I-TIEN_ICH_KHAC B-TIEN_ICH_KHAC O O O O O O O O O O O O O O
"diện tích 60m, 3 tầng, ngang 8m, 4 phòng ngủ, 4 phòng khách. kiệt ô tô đỗ. gần đường 30/4. chỉ 2,5 tỷ. chính chủ cần bán gấp, khách thiện chí liên hệ mr nguyên để làm việc trực tiếp. sẽ quyết nhanh cho khách thiện chí.",O O B-DIEN_TICH B-SO_TANG I-SO_TANG B-CHIEU_RONG I-CHIEU_RONG B-SO_PHONG_NGU I-SO_PHONG_NGU I-SO_PHONG_NGU O B-TIEN_ICH_KHAC I-TIEN_ICH_KHAC B-KV_DE_XE I-KV_DE_XE I-KV_DE_XE I-KV_DE_XE O O O O B-GIA I-GIA O O O O O O O O O O O O O O O O O O O O O O O O
"bán căn biệt thự thăng long, 5 tầng, tiêu chuẩn 5 * , hoà cường nam, hải châu, đà nẵng dt 300m2 (15 x 20) hướng đông nam mái mẻ, view sông biệt thự xây ở nên rất chắc chắn, kiên cố, thiết kế hiện đại, sang trọng, nội thất xịn xò, bán full nội thất vị trí view sông mát mẻ, vị trí đẹp, khu an ninh, toàn dãy biệt thự, có đường đi bộ trước nhà 15m công năng gồm 2 thang máy, 8 phòng massage, xông hơi, 10 phòng ngủ cao cấp, khép kín, hồ bơi, tầng hầm để 2 chiếc xe ô tô, sân thượng tầng 5 rộng rãi 300m2, thích hợp sinh hoạt . giá bán 57ty có thương lượng ms châu nắm chủ ace kết hợp, xem thực tế mới đẹp nha khách iu",B-LOAI_BDS I-LOAI_BDS I-LOAI_BDS I-LOAI_BDS O O B-SO_TANG I-SO_TANG O O O O O B-DIA_CHI I-DIA_CHI I-DIA_CHI I-DIA_CHI I-DIA_CHI I-DIA_CHI I-DIA_CHI O B-DIEN_TICH B-CHIEU_RONG O B-CHIEU_DAI B-HUONG_NHA I-HUONG_NHA I-HUONG_NHA O O B-VIEW I-VIEW B-DICH_VU I-DICH_VU O O O O O O O O O O O O O O B-NOI_THAT I-NOI_THAT I-NOI_THAT O O B-NOI_THAT I-NOI_THAT I-NOI_THAT O O B-VIEW I-VIEW O O O O O B-AN_NINH I-AN_NINH I-AN_NINH O O B-LOAI_BDS I-LOAI_BDS O B-DUONG_KIET I-DUONG_KIET I-DUONG_KIET I-DUONG_KIET I-DUONG_KIET I-DUONG_KIET O O O B-NOI_THAT I-NOI_THAT I-NOI_THAT O B-TIEN_ICH_KHAC I-TIEN_ICH_KHAC B-TIEN_ICH_KHAC I-TIEN_ICH_KHAC B-SO_PHONG_NGU I-SO_PHONG_NGU I-SO_PHONG_NGU O O O O B-TIEN_ICH_KHAC I-TIEN_ICH_KHAC B-TIEN_ICH_KHAC I-TIEN_ICH_KHAC B-KV_DE_XE I-KV_DE_XE I-KV_DE_XE I-KV_DE_XE I-KV_DE_XE I-KV_DE_XE B-STHUONG_BCONG I-STHUONG_BCONG O O O O B-DIEN_TICH O O O O O O O B-GIA O O O O O O O O O O O O O O O O O O
"diện tích 188m, ngang 10 mét, đường xô viết nghệ tĩnh 36m. vị trí thích hợp để kinh doanh, nhà hàng, căn hộ, khách sạn ... xem là thích . giá cả tlcc liên hệ nhanh mr nguyên để làm việc trực tiếp chính chủ",O O B-DIEN_TICH B-CHIEU_RONG I-CHIEU_RONG I-CHIEU_RONG O O O O O O O O O O O O O B-DICH_VU I-DICH_VU O O B-DICH_VU I-DICH_VU O O O O O O O O O O O O O O O O O O O O
"chính chủ cần bán nhà mt 75m, 2 tầng đẹp và mới, ngang 5 m, gần nguyễn hữu thọ và lê đại hành. vị trí thích hợp để ở hoặc làm văn phòng công ty. rất mát mẻ. xem là thích ngay. liên hệ mr nguyên xem nhà và làm việc trực tiếp.",O O O B-LOAI_BDS I-LOAI_BDS B-VI_TRI O B-SO_TANG I-SO_TANG O O O B-CHIEU_RONG I-CHIEU_RONG I-CHIEU_RONG O O O O O O O O O O B-TIEM_NANG I-TIEM_NANG I-TIEM_NANG I-TIEM_NANG I-TIEM_NANG I-TIEM_NANG I-TIEM_NANG I-TIEM_NANG I-TIEM_NANG I-TIEM_NANG O O O O O O O O O O O O O O O O O O
"112m, c4, kiệt lê duẩn, đối diện nhà sách fanhasa đà nẵng, cách phòng công chứng trần văn hùng 80m, cách trường đh ngoại ngữ tầm 3 phút, trường đh duy tân tầm 3 phút, cách sân bay tầm 6 phút, cách bệnh viện đa khoa tầm 4 phút, cách công viên tầm 3 phút, gần siêu thị go, gần chợ cồn. tiện ích xung quanh chỉ vài bước chân. đang có hd cho thuê kinh doanh thời trang. lh mr nguyên giá tốt cho nhà đầu tư.",B-DIEN_TICH O O O O O O O O O O O O O O O O O O O O B-DICH_VU O O O O O O B-DICH_VU O O O O O O O B-DICH_VU I-DICH_VU O O O O B-DICH_VU I-DICH_VU O O O O O O B-DICH_VU I-DICH_VU O O O O B-DICH_VU I-DICH_VU O O B-DICH_VU O O O O O O O O O B-TINH_TRANG_KD I-TINH_TRANG_KD I-TINH_TRANG_KD I-TINH_TRANG_KD I-TINH_TRANG_KD I-TINH_TRANG_KD I-TINH_TRANG_KD I-TINH_TRANG_KD I-TINH_TRANG_KD O O O O O O O O O
"với vị trí đắc địa tọa lạc trên đại lộ võ nguyên giáp , diện tích 500m2 đất ở lâu dài (odt) , quy mô 100 phòng khách sạn kinh doanh, nhà hàng ăn sáng , phòng hội nghị , hồ bơi đầy đủ dv đi kèm giá chuyển nhượng vô cùng hợp lý 175 tỷ riêng giá trị đất 115 tỷ , xd 60 tỷ với quy mô khách sạn 100 phòng thì không phải điều đơn giản nay cần rút vốn để đầu tư dự án khác nên cần đơn vị mua thiện chí và đã xem xét về giá để hợp lý nhất với thị trường ngoài ra còn các sản phẩm khách sạn khu phố tây an thượng cách biển mỹ khê 300 500 mét liên hệ trực tiếp để tư vấn xin cám ơm",O O O O O O O O O O O O O O O O B-DIEN_TICH O O O O O O O O O B-TIEN_ICH_KHAC I-TIEN_ICH_KHAC O O O B-DICH_VU I-DICH_VU O O O B-TIEN_ICH_KHAC I-TIEN_ICH_KHAC I-TIEN_ICH_KHAC O B-TIEN_ICH_KHAC I-TIEN_ICH_KHAC O O O O O O O O O O O O B-GIA I-GIA O O O O O O O O O O O O O O O O O O O O O O O O O O O O O O O O O O O O O O O O O O O O O O O O O O O O O O O O O O O O O O O O O O O B-DICH_VU O O O O O O O O O O O O O O O
"lô đất xây biệt thự khu phức hợp cao tầng harbour ville giá rẻ nhất tt hiện tại chỉ 39 tr/m2 7 tỷ diện tích đất 180m² , ngang 10m hướng bắc đất vuông vắn có bán 2 lô liền kề phù hợp đầu tư , xây biệt thự nghỉ dưỡng sổ đỏ chính chủ giá bán thiện chí 39 tr/m² 7 tỷ liên hệ đỗ văn hiển zalo/viber/telegram làm việc chính chủ",B-LOAI_BDS I-LOAI_BDS O O O O O O O O O O O O O O O O O O O B-GIA I-GIA O O O B-DIEN_TICH O B-CHIEU_RONG I-CHIEU_RONG B-HUONG_NHA I-HUONG_NHA O O O O O O O O O B-TIEM_NANG I-TIEM_NANG I-TIEM_NANG I-TIEM_NANG I-TIEM_NANG I-TIEM_NANG I-TIEM_NANG I-TIEM_NANG I-TIEM_NANG I-TIEM_NANG B-PHAP_LY I-PHAP_LY O O O O O O O O B-GIA I-GIA O O O O O O O O O O
"cần bán khách sạn mới xây đường 𝐀𝐧 𝐓𝐡𝐮𝐨𝐧𝐠 𝟐𝟗 , tuyến đường kinh doanh lưu trú sầm uất , tập trung đông đúc khách du lịch quốc tế khu an thượng đà nẵng giá sập hầm 41 tỷ 𝑻𝒉𝒐𝒏𝒈 𝒕𝒊𝒏 𝒌𝒉𝒂𝒄𝒉 𝒔𝒂𝒏 diện tích 162m2, ngang 9m , bao gồm phòng khách sạn và căn hộ được thiết kế cổ điển , nội thất cao cấp được nhập khẩu từ châu âu , có hầm nhà hàng ăn sáng 𝑮𝒊𝒂 𝒄𝒉𝒖𝒚𝒆𝒏 𝒏𝒉𝒖𝒐𝒏𝒈 41 tỷ ( bao hoàn công ) 𝐂𝐇𝐔𝐘𝐄𝐍 𝐌𝐔𝐀 𝐁𝐀𝐍 𝐂𝐇𝐎 𝐓𝐇𝐔𝐄 𝐁đ𝐒 đ𝐀 𝐍𝐀𝐍𝐆 𝐇𝐎𝐈 𝐀𝐍 𝐍𝐇𝐀 𝐓𝐑𝐀𝐍𝐆 đ𝐀𝐓 𝐁𝐈𝐄𝐍, 𝐓𝐎𝐀 𝐊𝐇𝐀𝐂𝐇 𝐒𝐀𝐍, 𝐓𝐎𝐀 𝐂𝐀𝐍 𝐇𝐎 quận sơn trà ngũ hành sơn, tp đà nẵng hỗ trợ xin giấy phép, hoàn công tài sản địa chỉ văn phòng số 48 phan liêm, phường mỹ an, quận ngũ hành sơn, đà nẵng 𝐇𝐨𝐧 𝐭𝐡𝐞 𝐧𝐮𝐚, 𝐕𝐚𝐧 𝐩𝐡𝐨𝐧𝐠 𝐠𝐢𝐚𝐨 𝐝𝐢𝐜𝐡 𝐜𝐡𝐮𝐧𝐠 𝐭𝐨𝐢 𝐜𝐨𝐧 𝐡𝐨𝐧 𝟏𝟎𝟎 𝐤𝐡𝐚𝐜𝐡 𝐬𝐚𝐧 𝐭𝐫𝐢𝐞𝐮 đ𝐨 𝐩𝐡𝐚𝐧 𝐤𝐡𝐮𝐜 𝐭𝐮 𝟐 𝐬𝐚𝐨 đ𝐞𝐧 𝟓 𝐬𝐚𝐨, 𝐭𝐚𝐢 𝐜𝐡𝐢𝐧𝐡 𝐭𝐮 𝟑𝟎 𝐭𝐲 đ𝐞𝐧 𝟑𝟎𝟎𝟎 𝐭𝐲 𝐜𝐚𝐧 𝐜𝐡𝐮𝐲𝐞𝐧 𝐧𝐡𝐮𝐨𝐧𝐠 𝐯𝐨𝐢 𝐦𝐮𝐜 𝐠𝐢𝐚 𝐠𝐢𝐚 𝐦 𝐬𝐚𝐮 𝐯𝐢 𝐝𝐢𝐜𝐡 𝐜𝐨𝐯𝐢𝐝, 𝐩𝐡𝐚𝐩 𝐥𝐲 𝐚𝐧 𝐭𝐨𝐚𝐧, 𝐯𝐢 𝐭𝐫𝐢 đ𝐚𝐜 đ𝐢𝐚.𝐐𝐮𝐲 𝐧𝐡𝐚 đ𝐚𝐮 𝐭𝐮 𝐡𝐚𝐲 𝐥𝐢𝐞𝐧 𝐡𝐞 𝐯𝐨𝐢 𝐭𝐨𝐢 𝐪𝐮𝐚 𝐒đ𝐓 𝐛𝐞𝐧 𝐝𝐮𝐨𝐢 đ𝐞 đ𝐮 𝐜 𝐤𝐞𝐭 𝐧𝐨𝐢 𝐭𝐡𝐮𝐨𝐧𝐠 𝐥𝐮𝐨𝐧𝐠 𝐥𝐚𝐦 𝐯𝐢𝐞𝐜 𝐯𝐨𝐢 𝐜𝐡𝐮 đ𝐚𝐮 𝐭𝐮 . 𝑋𝐸𝑀 𝑇𝐻𝐸𝑀 𝑛ℎ𝑖𝑒𝑢 𝑘ℎ𝑎𝑐ℎ 𝑠𝑎𝑛 𝑘ℎ𝑎𝑐 𝑏𝑎𝑛𝑔 𝑐𝑎𝑐ℎ 𝐶𝐿𝐼𝐶𝐾 𝑣𝑎𝑜 𝑥𝑒𝑚 𝑐𝑎𝑐 𝑡𝑖𝑛 đ𝑎𝑛𝑔 𝑘ℎ𝑎𝑐 𝐵𝑖𝑒𝑡 𝑜𝑛 𝑣𝑖 𝑡ℎ𝑜𝑖 𝑔𝑖𝑎𝑛 𝑐𝑢𝑎 𝑞𝑢𝑦 𝑛ℎ𝑎 đ𝑎𝑢 𝑡𝑢 . 𝐇𝐚𝐲 𝐠𝐨𝐢 𝐜𝐡𝐨 𝐭𝐨𝐢 𝐡𝐨𝐚𝐜 𝐚𝐝𝐝 𝐙𝐚𝐥𝐨 𝐭𝐡𝐞𝐨 𝐒đ𝐓 𝐛𝐞𝐧 𝐝𝐮𝐨𝐢 đ𝐞 𝐧𝐡𝐚𝐧 đ𝐮𝐨𝐜 𝐩𝐡𝐚𝐩 𝐥𝐲 đ𝐚𝐲 đ𝐮 𝐜𝐮𝐚 𝐤𝐡𝐚𝐜𝐡 𝐬𝐚𝐧 𝐯𝐚 đ𝐞 đ𝐮𝐨𝐜 𝐤𝐞𝐭 𝐧𝐨𝐢 𝐭𝐡𝐮𝐨𝐧𝐠 𝐥𝐮𝐨𝐧𝐠 𝐥𝐚𝐦 𝐯𝐢𝐞𝐜 𝐯𝐨𝐢 𝐜𝐡𝐮 đ𝐚𝐮 𝐭𝐮 . 𝐗𝐢𝐧 𝐦𝐢𝐞𝐧 𝐭𝐢𝐞𝐩 𝐭𝐫𝐮𝐧𝐠 𝐠𝐢𝐚𝐧.𝐓𝐫𝐚𝐧 𝐭𝐫𝐨𝐧𝐠.",O B-LOAI_BDS I-LOAI_BDS I-LOAI_BDS O O O O O O O O O O O O O B-KINH_DOANH I-KINH_DOANH O O O O O O O O O O O O O O O O O O B-GIA I-GIA O O O O O O B-DIEN_TICH B-CHIEU_RONG I-CHIEU_RONG O O O B-TIEN_ICH_KHAC I-TIEN_ICH_KHAC O O O O O O O O O O B-NOI_THAT I-NOI_THAT I-NOI_THAT I-NOI_THAT I-NOI_THAT I-NOI_THAT I-NOI_THAT I-NOI_THAT I-NOI_THAT I-NOI_THAT O O O B-DICH_VU I-DICH_VU O O O O O B-GIA I-GIA O O O O O O O O O O O O O O O O O O O O O O O O O O O O O O O O O O O O O O O O O O O O O O O O O O O O O O O O O O O O O O O O O O O O O O O O O O O O O O O O O O O O O O O O O O O O O O O O O O O O O O O O O O O O O O O O O O O O O O O O O O O O O O O O O O O O O O O O O O O O O O O O O O O O O O O O O O O O O O O O O O O O O O O O O O O O O O O O O O O O O O O O O O O O O O O O O O O O O O O O O O O O O
"diện tích 10m x 27m (270m2) diện tích sàn 2270m2 có 32 căn hộ đã hoàn công đầy đủ sẵn sàng vào mở cửa cho thuê. dòng tiền 150 170tr/tháng hồ sơ, pháp lý rõ ràng, tòa đã hoàn công và sẵn pccc. giá bán rẻ tới công chứng 38 tỷ liên hệ để biết chi tiết. một sản phẩm quá hời cho nhà đầu tư đang săn tìm sản phẩm dòng tiền.",O O B-CHIEU_RONG O B-CHIEU_DAI B-DIEN_TICH O O O O B-TINH_TRANG_KD I-TINH_TRANG_KD I-TINH_TRANG_KD I-TINH_TRANG_KD I-TINH_TRANG_KD I-TINH_TRANG_KD I-TINH_TRANG_KD I-TINH_TRANG_KD I-TINH_TRANG_KD I-TINH_TRANG_KD I-TINH_TRANG_KD I-TINH_TRANG_KD I-TINH_TRANG_KD I-TINH_TRANG_KD I-TINH_TRANG_KD I-TINH_TRANG_KD I-TINH_TRANG_KD I-TINH_TRANG_KD I-TINH_TRANG_KD I-TINH_TRANG_KD O O B-PHAP_LY I-PHAP_LY I-PHAP_LY I-PHAP_LY O O O O O O O O O O O O O B-GIA I-GIA O O O O O O O O O O O O O O O O O O O O O O
"bán đất mt cù chính lan, thanh khê, đà nẵng diện tích 76m2 ngang 5m dài 15m. hướng đông nam vị trí khu dân cư đông đúc, an ninh tốt, kinh doanh buôn bán sầm uất. gần trung tâm quận, siêu thị, chợ, trường học... giá 5 tỷ 200 lh em.",B-LOAI_BDS I-LOAI_BDS B-VI_TRI B-DIA_CHI I-DIA_CHI I-DIA_CHI I-DIA_CHI I-DIA_CHI I-DIA_CHI I-DIA_CHI O O B-DIEN_TICH B-CHIEU_RONG I-CHIEU_RONG B-CHIEU_DAI I-CHIEU_DAI B-HUONG_NHA I-HUONG_NHA I-HUONG_NHA O O B-DAN_CU I-DAN_CU I-DAN_CU I-DAN_CU I-DAN_CU B-AN_NINH I-AN_NINH I-AN_NINH O O B-KINH_DOANH I-KINH_DOANH I-KINH_DOANH I-KINH_DOANH O B-DIA_DIEM I-DIA_DIEM I-DIA_DIEM B-DICH_VU I-DICH_VU B-DICH_VU B-DICH_VU I-DICH_VU O B-GIA I-GIA I-GIA O O
"chính chủ bán gấp đất 2 mt chế lan viên dt 714m2 cách biển 100m bán đất mặt tiền đường chế lan viên, p. mỹ an, quận ngũ hành sơn. dt 20 x 36m (714m²) vị trí đẹp gần biển, kế bên khu phố tây an thượng, lý tưởng xây dựng khách sạn, toà căn hộ, homestay, biệt thự... gia đình thiện chí cần bán nhanh. giá 50 tỷ. ( có thương lượng) lh chính chủ mr. tưởng",O O B-LOAI_BDS I-LOAI_BDS I-LOAI_BDS O B-VI_TRI O O O O B-DIEN_TICH O B-DICH_VU O B-LOAI_BDS I-LOAI_BDS B-VI_TRI I-VI_TRI B-DIA_CHI I-DIA_CHI I-DIA_CHI I-DIA_CHI I-DIA_CHI I-DIA_CHI I-DIA_CHI I-DIA_CHI I-DIA_CHI I-DIA_CHI I-DIA_CHI O B-CHIEU_RONG O B-CHIEU_DAI B-DIEN_TICH O O O O B-DICH_VU O O O O O O O B-TIEM_NANG I-TIEM_NANG I-TIEM_NANG I-TIEM_NANG I-TIEM_NANG I-TIEM_NANG I-TIEM_NANG I-TIEM_NANG I-TIEM_NANG I-TIEM_NANG I-TIEM_NANG I-TIEM_NANG O O O O O O O O B-GIA I-GIA O O O O O O O O O
"bán nhà 3 tầng mt lê văn hiến, ngay ubnd quận ngũ hành sơn, khuê mỹ, đà nẵng. dt 180,4 ngang (6 x 30) hướng đông vị trí ngay ubnd quận ngũ hành sơn. đường 30m, vỉa hè 6m. tiện ích ngoại khu khu dân cư nhộn nhịp, nhộn nhịp bao các lợi ích công cộng. hạ tầng điện, nước đường sá hoàn chỉnh. pháp lý giấy tờ hoàn chỉnh, hỗ trợ công chứng sang tên. hỗ trợ đất 24/7. giá bán 12ty có thương lượng. liên hệ mr. tưởng ( nắm chủ)",B-LOAI_BDS I-LOAI_BDS B-SO_TANG I-SO_TANG B-VI_TRI O O O O O O O O O O O O O O B-DIEN_TICH O B-CHIEU_RONG O B-CHIEU_DAI B-HUONG_NHA I-HUONG_NHA O O O O O O O O B-DUONG_KIET I-DUONG_KIET B-VIA_HE I-VIA_HE I-VIA_HE O O O O O O O O O O O O O O O O O O O O O O O O O B-PHAP_LY I-PHAP_LY I-PHAP_LY I-PHAP_LY I-PHAP_LY I-PHAP_LY O O O O O O O O O O O O B-GIA O O O O O O O O O O
"cần bán tòa căn hộ 2 mặt tiền 128m2 kiệt hoàng diệu 5 tầng 15 phòng diện tích 128m2 (lô góc 2 mặt tiền) mt 4m50 ngang 17m hướng nam hiện tại xây dựng 5 tầng mỗi tầng 3 4 căn hộ cho thuê ( 1 2 3 phòng ngủ) 15 phòng khép kín, thiết kế đẹp và sang trọng vị trí khu vực dân cư đông đúc, cho thuê sinh lời cao sổ đỏ chính chủ pháp lý chuẩn sẵn sàng giao dịch giá bán 16 tỷ liên hệ ngay mr tưởng",O O B-LOAI_BDS I-LOAI_BDS I-LOAI_BDS B-VI_TRI I-VI_TRI I-VI_TRI B-DIEN_TICH O O O B-SO_TANG I-SO_TANG O O O O O O O B-VI_TRI I-VI_TRI I-VI_TRI B-VI_TRI O B-CHIEU_RONG I-CHIEU_RONG B-HUONG_NHA I-HUONG_NHA O O O O B-SO_TANG I-SO_TANG O O O O O O O O O O O B-SO_PHONG_NGU I-SO_PHONG_NGU I-SO_PHONG_NGU O O O O O O O O O O O O O O B-DAN_CU I-DAN_CU I-DAN_CU I-DAN_CU O O O O O B-PHAP_LY I-PHAP_LY O O O O O O O O O O O B-GIA I-GIA O O O O O
"cần bán toà tttm quận hải châu 4000m2 5 tầng doanh thu 10 /năm mặt tiền 82m tuyến đường đỏ nhất đà nẵng giá 190 tỷ. vị trí nằm trên tuyến đường 10.5m trung tâm quận hải châu xung quanh nhiều trường, nhà hàng, khách sạn, đông đúc du khách hàn quốc đi du lịch và lưu trú lâu dài. doanh thu lãi dòng 10 /năm phù hợp đầu tư đa ngành. sổ đỏ siêu hoa hậu chủ cần bán để chuyển đổi đầu tư. giá 190 tỷ. liên hệ hùng phố. để đi xem nhà và gặp chủ thương lượng về giá. chuyên nhà phố biệt thự đà nẵng hà nội.",O B-LOAI_BDS I-LOAI_BDS I-LOAI_BDS O O O B-DIEN_TICH B-SO_TANG I-SO_TANG O O O O B-VI_TRI I-VI_TRI O O O O O O O O B-GIA I-GIA O O O O O B-DUONG_KIET I-DUONG_KIET B-DIA_DIEM I-DIA_DIEM I-DIA_DIEM O O O O O B-DICH_VU B-DICH_VU I-DICH_VU B-DICH_VU I-DICH_VU O O O O O O O O O O O O O O O O O O O O B-TIEM_NANG I-TIEM_NANG I-TIEM_NANG I-TIEM_NANG I-TIEM_NANG I-TIEM_NANG B-PHAP_LY I-PHAP_LY O O O O O O O O O O O O B-GIA I-GIA O O O O O O O O O O O O O O O O O O O O O O O O
"bán lô đất 150m đường doãn khuê hải châu gần cạnh lotte mart, chợ đêm helio gần lãnh sự quán gia đình quyết định bán lô đất đẹp tại đường doãn khuê, hòa cường bắc, hải châu, đà nẵng. với diện tích 150m (ngang 6m, dài 25m) lô đất nằm ngay cạnh lotte mart, gần làng thể thao tuyên sơn, chợ đêm helio, khu vui chơi giải trí helio, công viên châu á và vòng quay mặt trời tất cả chỉ cách một bước chân. phù hợp xây căn hộ, biệt thự... sổ hồng công chứng ngay gía bán 15,5 tỷ ( thương lượng lvcc) liên hệ để biết thêm chi tiết ms. tuyết nhi",B-LOAI_BDS I-LOAI_BDS I-LOAI_BDS B-DIEN_TICH O O O O O O O O O B-DICH_VU I-DICH_VU O O B-DICH_VU I-DICH_VU I-DICH_VU O O O O B-LOAI_BDS I-LOAI_BDS I-LOAI_BDS O O B-DIA_CHI I-DIA_CHI I-DIA_CHI I-DIA_CHI I-DIA_CHI I-DIA_CHI I-DIA_CHI I-DIA_CHI I-DIA_CHI I-DIA_CHI O O O O O I-CHIEU_RONG B-CHIEU_DAI I-CHIEU_DAI B-LOAI_BDS I-LOAI_BDS O O O O O O O O O O O B-DICH_VU I-DICH_VU O B-DICH_VU I-DICH_VU I-DICH_VU O O O B-DICH_VU I-DICH_VU O O O O O O O O O O O O O O B-TIEM_NANG I-TIEM_NANG I-TIEM_NANG I-TIEM_NANG I-TIEM_NANG I-TIEM_NANG I-TIEM_NANG B-PHAP_LY I-PHAP_LY O O O O O B-GIA I-GIA O O O O O O O O O O O O O O
"đường hùng vương , 2 mặt kiệt 4m thông thoáng, 3 tầng, 4 phòng ngủ mới xây năm 2022. vì kẹt tiền nên bán nhanh. khách thiện chí liên hệ nhanh mr nguyên để đặt cọc. vị trí trung tâm thành phố đà nẵng nên thuận tiện để ở hoặc cho thuê. gần sân bay, bệnh viện, trường học, công viên, khu trung tâm thương mại thì chỉ vài bước chân dạo bộ. vị trí có 102 , liên hệ nhanh mr nguyên.",O O O O O O B-DUONG_KIET I-DUONG_KIET O O B-SO_TANG I-SO_TANG B-SO_PHONG_NGU I-SO_PHONG_NGU I-SO_PHONG_NGU O O O O O O O O O O O O O O O O O O O O O O O B-DIA_DIEM I-DIA_DIEM I-DIA_DIEM I-DIA_DIEM O O O B-TIEM_NANG I-TIEM_NANG I-TIEM_NANG I-TIEM_NANG I-TIEM_NANG I-TIEM_NANG I-TIEM_NANG O B-DICH_VU I-DICH_VU B-DICH_VU I-DICH_VU B-DICH_VU I-DICH_VU B-DICH_VU I-DICH_VU O B-DICH_VU I-DICH_VU I-DICH_VU I-DICH_VU O O O O O O O O O O O O O O O O O
"biệt thự nam việt á, đường lê hữu khánh, 200m (10 * 20), 3 tầng, 4 phòng ngủ, 5 wc, full nội thất, có garage ô tô, đường 7,5m lề 4m. giá 12,7 tỷ khách hàng thiện chí mua liên hệ mr nguyên để làm việc trực tiếp chính chủ. sẽ quyết nhanh cho khách thiện chí.",B-LOAI_BDS I-LOAI_BDS O O O O O O O B-DIEN_TICH B-CHIEU_RONG O B-CHIEU_DAI B-SO_TANG I-SO_TANG B-SO_PHONG_NGU I-SO_PHONG_NGU I-SO_PHONG_NGU B-SO_TOILET I-SO_TOILET B-NOI_THAT I-NOI_THAT I-NOI_THAT O B-KV_DE_XE I-KV_DE_XE I-KV_DE_XE B-DUONG_KIET I-DUONG_KIET B-VIA_HE I-VIA_HE O B-GIA I-GIA O O O O O O O O O O O O O O O O O O O O O O O
"nhà dẹp xị xò quá cả nhà ơi mua nhà mới đi nào chính chủ bán nhà 3 tầng diệp minh châu, khu vip hoà xuân 100 mới đẹp, hoà xuân, cẩm lệ, đà nẵng dt 100m2 ( 5 x 20m2) hướng đông bắc vị trí rất đẹp, khu dân cư ở kín, an ninh tốt, dân trí cao, tiện ích đầy đủ .. nhà thiết kế vừa cổ điển, vừa hiện đại, thiết kế rất đẹp, trẻ trung, kết cấu nhà chắc chắn, nội thất cao cấp, sang trọng, nhà xây chất lượng, xịn xò, hoàn thiện rất tỉ mỉ, kiên cố. công năng gồm 3pn, 4wc, phòng khách, bếp, phòng thờ, phòng khách, gara ô tô, sân phơi rộng rãi, công năng thiết kế nhà đầy đủ ánh sáng tự nhiên các phòng rất thoáng và mát mẻ bán để lại toàn bộ nội thất xịn xò, mua xong chỉ cần xách va li vào ở thôi giá bán 6ty5 có bớt ms châu xem nhà",O O O O O O O O O O O O O O O B-LOAI_BDS I-LOAI_BDS B-SO_TANG I-SO_TANG O O O O O O O O O O B-DIA_CHI I-DIA_CHI I-DIA_CHI I-DIA_CHI I-DIA_CHI I-DIA_CHI O B-DIEN_TICH O B-CHIEU_RONG O B-CHIEU_DAI B-HUONG_NHA I-HUONG_NHA I-HUONG_NHA O O O O O O O O O B-AN_NINH I-AN_NINH I-AN_NINH B-AN_NINH I-AN_NINH I-AN_NINH B-TIEN_ICH_KHAC I-TIEN_ICH_KHAC I-TIEN_ICH_KHAC I-TIEN_ICH_KHAC O O O O O O O O O O O O O O O O O O O O O B-NOI_THAT I-NOI_THAT I-NOI_THAT I-NOI_THAT O O O O O O O O O O O O O O O O O O B-SO_PHONG_NGU B-SO_TOILET B-TIEN_ICH_KHAC I-TIEN_ICH_KHAC B-TIEN_ICH_KHAC B-TIEN_ICH_KHAC I-TIEN_ICH_KHAC B-TIEN_ICH_KHAC I-TIEN_ICH_KHAC B-KV_DE_XE I-KV_DE_XE I-KV_DE_XE B-TIEN_ICH_KHAC I-TIEN_ICH_KHAC O O O O O O O O O O O O O O O O O O O O O B-NOI_THAT I-NOI_THAT I-NOI_THAT I-NOI_THAT I-NOI_THAT I-NOI_THAT O O O O O O O O O O O O O O B-GIA O O O O O O
"chào bán biệt thự vip 315m2 đường lê quang hoà hoà xuân full nội thất nhập dt 315m2 ngang 12m có hồ bơi. gara ô tô hướng tây nam. nhà thiết kế phong cách hiện đại, lấy ánh sáng không gian mở rất tự nhiên, cực kỳ thoáng mát. công nắng gồm 3 tầng gồm 5 phòng ngủ, 5 wc, phòng giặc, phòng khách cực rộng chính chủ cam kết 100 nội thất nhập từ nước ngoài về. giá 21 tỷ tl chính chủ lh ms châu. mong tiếp thiện chí làm việc chính chủ",O B-LOAI_BDS I-LOAI_BDS I-LOAI_BDS O B-DIEN_TICH O O O O O O B-NOI_THAT I-NOI_THAT I-NOI_THAT O O B-DIEN_TICH B-CHIEU_RONG I-CHIEU_RONG O B-TIEN_ICH_KHAC I-TIEN_ICH_KHAC B-KV_DE_XE I-KV_DE_XE I-KV_DE_XE B-HUONG_NHA I-HUONG_NHA I-HUONG_NHA O O O O O O O O O O O O O O O O O O O O O O O B-SO_TANG I-SO_TANG O B-SO_PHONG_NGU I-SO_PHONG_NGU I-SO_PHONG_NGU B-SO_TOILET I-SO_TOILET B-TIEN_ICH_KHAC I-TIEN_ICH_KHAC B-TIEN_ICH_KHAC I-TIEN_ICH_KHAC O O O O B-NOI_THAT I-NOI_THAT I-NOI_THAT I-NOI_THAT I-NOI_THAT I-NOI_THAT I-NOI_THAT I-NOI_THAT I-NOI_THAT I-NOI_THAT O B-GIA I-GIA O O O O O O O O O O O O O O
"bán biệt thự euro village 2 hoà xuân đà nẵng dt 300m2 ( 12m x 25m ) dtsd 413m2 hướng tây bắc công năng 3 tầng 5pn 6wc để lại toàn bộ nội thất như hình. vị trí đẹp, có hồ bơi giá bán 20ty có thương lượng ms châu nắm chủ ace có khách mời cùng hợp tác ạ.",B-LOAI_BDS I-LOAI_BDS I-LOAI_BDS O O O O O O O O B-DIEN_TICH O B-CHIEU_RONG O B-CHIEU_DAI O O O B-HUONG_NHA I-HUONG_NHA I-HUONG_NHA O O B-SO_TANG I-SO_TANG B-SO_PHONG_NGU B-SO_TOILET B-NOI_THAT I-NOI_THAT I-NOI_THAT I-NOI_THAT I-NOI_THAT I-NOI_THAT O O O O O O B-TIEN_ICH_KHAC I-TIEN_ICH_KHAC O O B-GIA O O O O O O O O O O O O O O O
"nhà đẹp hạ giá bán chủ chào bán nhà 3 tầng 3 mê đường hồ trung lượng khu vip thuộc hoà xuân, cẩm lệ đường 7m5, song song với nguyễn phước lan diện tích 100m2 (ngang 5m ), dtsd 279 m2 hướng đông bắc nhà 3 tầng full nội thất ti vi , tủ lạnh , đầy đủ tiện nghi ... công năng nhà gồm 3 phòng ngủ, 4wc, sân phơi tủ bếp cao cấp vị trí đẹp, khu dân trí cao, an ninh tốt, tiền ích đầy đủ giấy tờ pháp lý đầy đủ . giá bán 5ty7 thương lượng ms châu xem nhà",O O O O O O O B-LOAI_BDS I-LOAI_BDS B-SO_TANG I-SO_TANG O O O O O O O O O O O O O B-DUONG_KIET I-DUONG_KIET O O O O O O O O B-DIEN_TICH B-CHIEU_RONG I-CHIEU_RONG O O O O B-HUONG_NHA I-HUONG_NHA I-HUONG_NHA O B-SO_TANG I-SO_TANG B-NOI_THAT I-NOI_THAT I-NOI_THAT I-NOI_THAT I-NOI_THAT I-NOI_THAT I-NOI_THAT I-NOI_THAT I-NOI_THAT I-NOI_THAT I-NOI_THAT I-NOI_THAT I-NOI_THAT O O O O O B-SO_PHONG_NGU I-SO_PHONG_NGU I-SO_PHONG_NGU B-SO_TOILET B-TIEN_ICH_KHAC I-TIEN_ICH_KHAC O B-TIEN_ICH_KHAC O O O O O O B-AN_NINH I-AN_NINH I-AN_NINH B-AN_NINH I-AN_NINH I-AN_NINH O O O O O O B-PHAP_LY I-PHAP_LY I-PHAP_LY I-PHAP_LY O O O B-GIA O O O O O O
"kết cấu nhà 3 tầng 1 tum, xây kiên cố (1pk rộng có thể mở shop or cty kinh doanh, bếp, 4pn, 1 phòng thờ, 3 vs), có phòng ngủ dưới tầng 1. diện tích 90m² (5 x 18), mặt tiền trước đường 10.5m (thêm 2m cạp lề để ô tô thoải mái), phía trước view thoáng, phía sau đường nhựa 5m sạch đẹp. hướng bắc pháp lý sổ hồng đầy đủ, sang tên nhanh chóng.. vị trí vị trí đắc địa, kinh doanh sầm uất, an ninh, dân trí cao, dân cư đông đúc, tiện ích xung quanh đa dạng ( bán kính 1km 04 chợ, phòng khám đa khoa, phòng khám răng, bệnh viện mắt.., trường mầm non, cấp 1, cấp 2, cấp 3, sân bóng đá mini chuyên việt). phù hợp gia đình định cư, kinh doanh đa ngành nghề, đầu tư sinh lời cao * * * giá 13.x tỷ (thương lượng chính chủ) thông tin liên hệ 0905. 752 năm 58 (mr còi)",O O O B-SO_TANG I-SO_TANG O O O O O O O O O O O O O O O B-TIEN_ICH_KHAC B-SO_PHONG_NGU O B-TIEN_ICH_KHAC I-TIEN_ICH_KHAC B-SO_TOILET I-SO_TOILET O O O O O O O O B-DIEN_TICH B-CHIEU_RONG O B-CHIEU_DAI B-VI_TRI I-VI_TRI O B-DUONG_KIET I-DUONG_KIET O O O O O O O O O O O O O O O O O O O O B-HUONG_NHA I-HUONG_NHA O O B-PHAP_LY I-PHAP_LY O O O O O O O O O O O O B-KINH_DOANH I-KINH_DOANH I-KINH_DOANH I-KINH_DOANH B-AN_NINH I-AN_NINH B-AN_NINH I-AN_NINH I-AN_NINH B-DAN_CU I-DAN_CU I-DAN_CU I-DAN_CU O O O O O O O O O O O B-DICH_VU B-DICH_VU I-DICH_VU O O O O O B-DICH_VU I-DICH_VU O B-DICH_VU O O O O O O O O B-DICH_VU I-DICH_VU I-DICH_VU O O O B-TIEM_NANG I-TIEM_NANG I-TIEM_NANG I-TIEM_NANG I-TIEM_NANG I-TIEM_NANG I-TIEM_NANG I-TIEM_NANG I-TIEM_NANG I-TIEM_NANG I-TIEM_NANG I-TIEM_NANG I-TIEM_NANG I-TIEM_NANG I-TIEM_NANG I-TIEM_NANG O O O O B-GIA I-GIA O O O O O O O O O O O O O O
"nắm chủ bán lô đất fpt 144m2 giá 2 tỷ 7 chỉ 19 triệu / m2 lô đất nằm trên trục đường 7,5m gần trục shop house 9,5m tại kđt fpt rất phù hợp để ở hoặc xây dựng cho thuê sinh viên. hướng bắc diện tích 144m2 giá bán 2 tỷ 7 không có lô nào giá tốt hơn liên hệ em vi chuyên đất khu đô thị fpt tại đà nẵng để xem chi tiết.",O O B-LOAI_BDS I-LOAI_BDS I-LOAI_BDS O B-DIEN_TICH O B-GIA I-GIA I-GIA O O O O O B-LOAI_BDS I-LOAI_BDS O O O B-DUONG_KIET I-DUONG_KIET O O O O O O O O O B-TIEM_NANG I-TIEM_NANG I-TIEM_NANG I-TIEM_NANG I-TIEM_NANG I-TIEM_NANG I-TIEM_NANG I-TIEM_NANG I-TIEM_NANG I-TIEM_NANG I-TIEM_NANG B-HUONG_NHA I-HUONG_NHA O O B-DIEN_TICH O O B-GIA I-GIA I-GIA O O O O O O O O O O O O O O O O O O O O O O O O
"bán căn biệt thự phạm phú tiết, mt đường 7m5, khuê trung, cẩm lệ dt 200m2 ( 10 x 20) hướng tây nam nhà gồm 4pn, 5wc, 1 phòng khách, 1 phòng thờ, 1 sân phơi, hồ bơi, 1 sân sinh hoạt chung giành cho gia đình, công năng đầy đủ, mua xong chỉ cần xách va li vào ở thôi nhà mới tuyệt đẹp, rất kiên cố, rất phong cách, thiết kế kiểu cổ điển sang trọng, nội thất cao cấp, xịn xò, cực xinh. ko chê vào đâu được, full nội thất, đông dân cư, dân trí cao, an ninh tốt. vị trí đẹp, tiện ích đầy đủ, gần trường học, sân bay, siêu thị .., thuộc trung tâm thành phố đà nẵng nên việc đi lại rất thuận lợi giá bán 22ty có thương lượng lh ngay",B-LOAI_BDS I-LOAI_BDS I-LOAI_BDS I-LOAI_BDS O O O B-VI_TRI B-DUONG_KIET I-DUONG_KIET O O O O O B-DIEN_TICH O B-CHIEU_RONG O B-CHIEU_DAI B-HUONG_NHA I-HUONG_NHA I-HUONG_NHA O O B-SO_PHONG_NGU B-SO_TOILET O B-TIEN_ICH_KHAC I-TIEN_ICH_KHAC O B-TIEN_ICH_KHAC I-TIEN_ICH_KHAC O B-TIEN_ICH_KHAC I-TIEN_ICH_KHAC B-TIEN_ICH_KHAC I-TIEN_ICH_KHAC O O B-TIEN_ICH_KHAC I-TIEN_ICH_KHAC I-TIEN_ICH_KHAC O O O O O O O O O O O O O O O O O O O O O O O O O O O O O O O O O O O B-NOI_THAT I-NOI_THAT I-NOI_THAT I-NOI_THAT I-NOI_THAT I-NOI_THAT I-NOI_THAT I-NOI_THAT O O O O O B-NOI_THAT I-NOI_THAT I-NOI_THAT B-DAN_CU I-DAN_CU I-DAN_CU B-AN_NINH I-AN_NINH I-AN_NINH B-AN_NINH I-AN_NINH I-AN_NINH O O O O O O O O B-DICH_VU I-DICH_VU B-DICH_VU I-DICH_VU B-DICH_VU I-DICH_VU O O B-DIA_DIEM I-DIA_DIEM I-DIA_DIEM I-DIA_DIEM O O O O O O O O O O O B-GIA O O O O O
"bán nhà 3 mê 3 tầng đường 7.5m diệp minh châu, nam tri phương, hoà xuân cẩm lệthiết kế hiện đại, móng băng kiên cố. xây mới 100 dt 100m (5 * 20) hướng đồng bắc công năng 3 phòng ngủ ( có pn dưới ), 4wc, sân xe ô tô, khách, bếp, sân phơi, thờ .. vị trí ok, nhà mới đẹp, mát mẻ, mua xong chỉ việc xách vali vào ở thôi dân cư ở kín, an ninh tốt, dân tri thức cao, gần chợ, gần trường học, tiện ích đầy đủ giá bán 5ty5 ( thương lượng cc ) ms châu * * * xem nhà và lvcc,",B-LOAI_BDS I-LOAI_BDS O O B-SO_TANG I-SO_TANG B-DUONG_KIET I-DUONG_KIET B-DIA_CHI I-DIA_CHI I-DIA_CHI I-DIA_CHI I-DIA_CHI I-DIA_CHI I-DIA_CHI I-DIA_CHI I-DIA_CHI I-DIA_CHI O O O O O O O O O O O B-DIEN_TICH B-CHIEU_RONG O B-CHIEU_DAI B-HUONG_NHA I-HUONG_NHA I-HUONG_NHA O O B-SO_PHONG_NGU I-SO_PHONG_NGU I-SO_PHONG_NGU O O O O O B-SO_TOILET B-KV_DE_XE I-KV_DE_XE O O B-TIEN_ICH_KHAC B-TIEN_ICH_KHAC B-TIEN_ICH_KHAC I-TIEN_ICH_KHAC B-TIEN_ICH_KHAC O O O O O O O O O O O O O O O O O O O O O O B-AN_NINH I-AN_NINH I-AN_NINH B-AN_NINH I-AN_NINH I-AN_NINH I-AN_NINH O B-DICH_VU O B-DICH_VU I-DICH_VU B-TIEN_ICH_KHAC I-TIEN_ICH_KHAC I-TIEN_ICH_KHAC I-TIEN_ICH_KHAC O O B-GIA O O O O O O O O O O O O O O
"chính chủ bán căn biệt thự mỹ khê sơn trà rộng 450m2 ngang 15m view sân vườn tiểu cảnh của pháp ngôi nhà thiết kế mang tên không đụng hàng dt 450m2 tk và xây 3 tầng có 5pn biệt thự 2 phút tắm biển , cạnh bãi biển là 1 nhà hàng sea food , next là resot 5 star, vị trí đắt địa sang chảnh một cơ ngơi siêu đồ sộ . giá 48tỷ tl nhất máy gọi liên cầm khoá mời vào xem trực tiếp nhé liên nhận mua bán và ký gửi nhà và đất tại đà nẵng bán nhanh thanh khoản nhanh.",O O O O O O O O O O O B-DIEN_TICH B-CHIEU_RONG I-CHIEU_RONG O B-SAN_VUON I-SAN_VUON O O O O O O O O O O O O O O B-DIEN_TICH O O O B-SO_TANG I-SO_TANG O B-SO_PHONG_NGU B-DICH_VU I-DICH_VU O O O B-DICH_VU O O O B-DICH_VU O O B-DICH_VU I-DICH_VU O O O O O B-DICH_VU O O O O O O O O O O O O O O O O B-GIA O O O O O O O O O O O O O O O O O O O O O O O O O O O O O O O
"bán đặt khu víp khách sạn mặt tiền biển tiêu chuẩn 5 sao. dt 500m2 dtxd 12000 m với bản thiết kế mang đậm chất kiến trúc sư xây dựng người pháp hoạ khách sạn 5 sao ngày mặt biển cực nét. khách sạn 5 sao tọa lạc ở trung tâm thành phố biển khách lưu trú chủ yếu là khách quốc tế . booking full phòng every day. thiết kế 20 tầng gồm có 150 phòng. phòng tập gym, hồ bơi vô cực, nhà hàng buffet sáng, thang máy 4 , pccc đầy đủ. nội thất gỗ và sàn nhà bóng loáng từng căn phòng. ngoài ra khách sạn còn được trang bị rất nhiều tiện ích như tivi màn hình phẳng, internet miễn phí và nhiều dịch vụ khác. vị trí sở hữu view triệu đô, nhà hàng khách sạn cạnh bên 4,5 sao bật cao cấp, gần phố đi bộ... vị trí đắt đỏ nhất đà thành. đặt biệt có dòng tiền sẳn 2tỷ/tháng. giá chủ ngộp hết 1/2 khách sạn. giá 259tỷ thương lượng cực sau.",O O O O O O B-VI_TRI I-VI_TRI O O O B-CHIEU_RONG O O B-DIEN_TICH O O O O O O O O O O O O O O O O O O O O O O O O B-DICH_VU O O O O O O O O O B-DIA_DIEM I-DIA_DIEM I-DIA_DIEM I-DIA_DIEM B-DICH_VU O O O O O O O O O O O O O O O O O B-SO_TANG I-SO_TANG O O O O B-TIEN_ICH_KHAC I-TIEN_ICH_KHAC I-TIEN_ICH_KHAC B-TIEN_ICH_KHAC I-TIEN_ICH_KHAC O O B-DICH_VU I-DICH_VU O O B-NOI_THAT I-NOI_THAT O O O O O O O O O O O O O O O O O O O O O O O O O O O O O B-NOI_THAT I-NOI_THAT I-NOI_THAT I-NOI_THAT I-NOI_THAT I-NOI_THAT I-NOI_THAT I-NOI_THAT I-NOI_THAT I-NOI_THAT I-NOI_THAT I-NOI_THAT O O O O B-VIEW I-VIEW I-VIEW B-DICH_VU I-DICH_VU O O O O O O O O O O B-TIEN_ICH_KHAC I-TIEN_ICH_KHAC I-TIEN_ICH_KHAC O O O O O O O O O O O O O O O O O O O O O O B-GIA O O O O
"chỉ cần 1 tỷ 8 có siêu phẩm vào ở ngay siêu phẩm 5 tầng kiệt hùng vương thiết kế thông tầng thoáng mát tặng fuul nội thất sát đường hùng vương vài bước ô tô đậu đỗ tiện ích trung tâm đà nẵng , gần chợ cồn gần trường học , gần trung tâm thương mại big c công năng 5 p ngủ , 1 p thờ to rộng , sân xe sân chill rộng rãi view xem pháo hoa nhìn thấy toà nhà trái bắp và novotel diện tích đất 43m ngang 4m nở hậu nhẹ sử dụng 200m phù hợp vừa ở và làm căn hộ giá 3 tỷ 9 thấy tiền là chốt liên hệ",O O O O O O O O O O O O O O O O O O O O O O O O O B-NOI_THAT I-NOI_THAT I-NOI_THAT O O O O O O B-KV_DE_XE I-KV_DE_XE I-KV_DE_XE I-KV_DE_XE O O B-DIA_DIEM I-DIA_DIEM O O O O B-DICH_VU O O B-DICH_VU I-DICH_VU O O B-DICH_VU I-DICH_VU I-DICH_VU I-DICH_VU O O O O B-SO_PHONG_NGU I-SO_PHONG_NGU I-SO_PHONG_NGU O O B-AN_NINH I-AN_NINH O O O B-KV_DE_XE I-KV_DE_XE B-SAN_VUON O O O B-VIEW I-VIEW I-VIEW I-VIEW I-VIEW I-VIEW I-VIEW I-VIEW I-VIEW I-VIEW I-VIEW I-VIEW O O O B-DIEN_TICH B-CHIEU_RONG I-CHIEU_RONG B-HINH_DANG_NHA I-HINH_DANG_NHA O O O O B-TIEM_NANG I-TIEM_NANG I-TIEM_NANG I-TIEM_NANG I-TIEM_NANG I-TIEM_NANG I-TIEM_NANG I-TIEM_NANG O B-GIA I-GIA I-GIA O O O O O O
"chính chủ cần bán nhà góc 2 mt điện biên phủ 60m, 3 tầng, hướng đông nam vị trí thích hợp kinh doanh spa rất đẹp, có chỗ đỗ ô tô, xem là thích. khách thiện chí liên hệ mr nguyên xem nhà miễn phí cam kết tất cả thông tin là đúng sự thật.",O O O B-LOAI_BDS I-LOAI_BDS O O B-VI_TRI O O O O B-SO_TANG I-SO_TANG B-HUONG_NHA I-HUONG_NHA I-HUONG_NHA O O B-TIEM_NANG I-TIEM_NANG I-TIEM_NANG I-TIEM_NANG I-TIEM_NANG I-TIEM_NANG I-TIEM_NANG B-KV_DE_XE I-KV_DE_XE I-KV_DE_XE I-KV_DE_XE I-KV_DE_XE O O O O O O O O O O O O O O O O O O O O O O O O
"lợi nhuận kép thu hút nhà đầu tư 𝐒𝐔𝐍 𝐆𝐑𝐎𝐔𝐏 chính thức nhận cọc căn hộ đẹp nhất toà 𝐏𝟐 𝐓𝐇𝐄 𝐏𝐀𝐍𝐎𝐌𝐀 𝐒𝐔𝐍 𝐂𝐎𝐒𝐌𝐎 𝐑𝐄𝐒𝐈𝐃𝐄𝐍𝐂𝐄 đà nẵng view trực diện sông hàn booking nhận ngay 2 chính sách bán hàng mới nhất tháng 9 ngân hàng hỗ trợ 70 ân hạn gốc và lãi suất lên đến 22 tháng chiết khấu lên đến 18,5 thông tin căn hô toa p2 cao 27 tầng nổi, sở hữu 23 tầng căn hộ cao cấp, 3 tầng khối đế (2 tầng shophouse 1 tầng tiện ích) cùng 3 tầng hầm để xe.",O O O O O O O O O O O O O O O O O O O O O O O O O O O B-VIEW I-VIEW I-VIEW I-VIEW I-VIEW O O O O O O O O O O O O O O O O O O O O O O O O O O O O O O O O O O O O O O O B-SO_TANG I-SO_TANG O O O O O O O O O B-SO_TANG I-SO_TANG O O O O O O O O O O O B-KV_DE_XE I-KV_DE_XE I-KV_DE_XE I-KV_DE_XE
"chính chủ cần bán. căn nhà 2 tầng. mặt tiền an nhơn. sơn trà tp đà nẵng giá chỉ còn 3,25 tỷ vị trí trung tâm. gần biển mỹ khê. gần đường phạm văn đồng. đường nguyễn công trứ. gần cầu rồng. trương học. bệnh viện. chợ lớn chủ rất cần tiền hạ chào bán gấp đầu tư lời ngay lh em bình. xem và thương lượng trực tiếp với chủ",O O O B-LOAI_BDS I-LOAI_BDS I-LOAI_BDS B-SO_TANG I-SO_TANG B-VI_TRI I-VI_TRI O O O O O O O O O O B-GIA I-GIA O O B-DIA_DIEM I-DIA_DIEM O B-DICH_VU O O O O O O O O O O O O B-DICH_VU O B-DICH_VU I-DICH_VU B-DICH_VU I-DICH_VU B-DICH_VU O O O O O O O O O O O O O O O O O O O O O O O O
"tin bđs hót nhất thị trường đà nẵng dòng tiền khủng (gần 6 tỷ/năm) cần chuyển nhượng nhanh trường học kinh doanh siêu lợi nhuận.. diện tích 600 m2 (33m x 18m, đất full thổ cư) và tài sản gắn liền trên đất bao gồm cơ sở kinh doanh trường mẫu giáo cao cấp đạt chuẩn với quy mô xây dựng 4 tầng, diện tích xây dựng 2400m2, rất kiên cố và hiện đại, tổng doanh thu ổn định hàng tháng lên đến 580 tr/tháng. pháp lý hoạt động kinh doanh đảm bảo các quy định của pháp luật. vị trí trung tâm quận cẩm lệ tp đà nẵng khu vực dân trí và an ninh cao. trung tâm của tiện ích. cực kỳ tiềm năng. đường rộng 7,5m, lề 5m. giá chuyển nhượng đã giảm 5 tỷ còn 35 tỷ, thương lượng trực tiếp. lưu ý chủ có tâm huyết chỉ chuyển nhượng cho những khách hàng có nhu cầu tiếp tục duy trì hoạt động của trường học. mọi thông tin chi tiết cụ thể xin vui lòng liên hệ trực tiếp để được hỗ trợ kịp thời qua zalo soái ( làm việc chính chủ)",O O O O O O O O O O O O O O O O O O B-DICH_VU I-DICH_VU O O O O O O O B-DIEN_TICH I-DIEN_TICH B-CHIEU_RONG O B-CHIEU_DAI O O O O O O O O O O O O O O O O O O O O O O O O O O O O O B-SO_TANG I-SO_TANG O O O O O O O O O O O O O O O O O O O O O O O O O O O O O O O O O O O O O O B-DIA_DIEM I-DIA_DIEM I-DIA_DIEM O O O O O O O O O O B-AN_NINH I-AN_NINH O B-DIA_DIEM I-DIA_DIEM O O O O O O O B-DUONG_KIET I-DUONG_KIET I-DUONG_KIET B-VIA_HE I-VIA_HE O O O O O B-GIA I-GIA O O O O O O O O O O O O O O O O O O O O O O O O O O O O O O O O O O O O O O O O O O O O O O O O O O O O O O O O O O O O
"bán nhà 1,25 tỷ, sát chân cầu rồng. nhà 2 tầng kiên cố mới xây, công năng đầy đủ. nhìn là mê. 2 pn, 1wc. nằm trên đường nguyễn văn linh, sát chân cầu rồng. nhà đang có lộc, chủ nhà là giáo viên cấp 3, làm ăn phơi phới. gần trung tâm hành chính đà nẵng, cầu rồng, trường học,... xung quanh tiện ích đầy đủ. sổ đỏ chính chủ, sẳng sàng công chứng ngay.",B-LOAI_BDS I-LOAI_BDS B-GIA I-GIA O O B-DICH_VU O O B-SO_TANG I-SO_TANG O O O O O O O O O O O B-SO_PHONG_NGU I-SO_PHONG_NGU B-SO_TOILET O O O O O O O O B-DICH_VU O B-TINH_TRANG_KD I-TINH_TRANG_KD I-TINH_TRANG_KD I-TINH_TRANG_KD I-TINH_TRANG_KD I-TINH_TRANG_KD I-TINH_TRANG_KD I-TINH_TRANG_KD I-TINH_TRANG_KD I-TINH_TRANG_KD I-TINH_TRANG_KD I-TINH_TRANG_KD I-TINH_TRANG_KD I-TINH_TRANG_KD I-TINH_TRANG_KD O B-DIA_DIEM I-DIA_DIEM O O O O B-DICH_VU O B-DICH_VU I-DICH_VU O O O O O O B-PHAP_LY I-PHAP_LY O O O O O O O
"bán khách sạn lô góc đường 3/2 đà nẵng hơn 2000m2 sd doanh thu dòng tiền 5%/năm giá nhỉnh 70 tỷ. thời gian người khôn của khó này đầu tư vào những bất động sản có dong tiền là chắc cú nhất. mà con chưa kể đến 5%/năm, lãi suất sang năm còn lên cao hơn nữa. view thành phố và sông hàn đẹp mê ly xây dựng tổng cộng 10 tầng có thể lên thêm vì nền móng chắc chắn 16 tầng nên có thể lên vô tư, xung quanh khu vực tây, tàu, việt, hàn đủ cả. tuyến đường kinh doanh đẳng cấp nhất quận hải châu, nối dài với nhiều khu vực kinh tế trọng yếu như biển nguyễn tất thành mỹ khê một trong 6 bãi biển đẹp nhất thế giới. tổng cộng có 50 phòng nội thất full cao cấp hệ thống khách sạn 3 sao nổi tiếng đà nẵng. mua về nếu không đầu tư khách sạn có thể chuyển đổi mục đích công năng sang nhiều hình thức khác. sổ đỏ đẹp pháp lý ổn định sẵn sàng giao dịch ngay. giá nhỉnh 70 tỷ có thương lượng chủ cực thiện chí bán giá đã giảm so vơi trước 7 tỷ. liên hệ hùng phố để đi xem nhà và gặp chủ thương lượng về giá. chuyên nhà phố biệt thự đà nẵng hà nội.",O B-LOAI_BDS I-LOAI_BDS O O O O O O O B-DIEN_TICH O O O O O O O O B-GIA I-GIA O O O O O O O O O O O O O O O O O O O O O O O O O O O O O O O O O O O O B-VIEW I-VIEW I-VIEW O B-DICH_VU O O O O O O O O B-SO_TANG I-SO_TANG O O O O O O O O O O O O O O O O O O O O O O O O O O O O O B-KINH_DOANH I-KINH_DOANH I-KINH_DOANH I-KINH_DOANH O O O O O O O O O O O O O O O B-DICH_VU O O O O O O O O O B-DICH_VU O O O O O O O O O B-NOI_THAT I-NOI_THAT I-NOI_THAT I-NOI_THAT I-NOI_THAT I-NOI_THAT I-NOI_THAT I-NOI_THAT I-NOI_THAT I-NOI_THAT I-NOI_THAT I-NOI_THAT I-NOI_THAT I-NOI_THAT I-NOI_THAT O O O O B-TIEM_NANG I-TIEM_NANG I-TIEM_NANG I-TIEM_NANG I-TIEM_NANG I-TIEM_NANG I-TIEM_NANG I-TIEM_NANG I-TIEM_NANG I-TIEM_NANG I-TIEM_NANG I-TIEM_NANG I-TIEM_NANG I-TIEM_NANG I-TIEM_NANG I-TIEM_NANG I-TIEM_NANG B-PHAP_LY I-PHAP_LY O O O O O O O O O O O O B-GIA I-GIA O O O O O O O O O O O O O O B-GIA I-GIA O O O O O O O O O O O O O O O O O O O O O O O O
"chính chủ chuyển công tác bán nhà bt 2 tầng đoàn văn cừ, dtd 100m, 2 phòng ngủ rộng, phòng đọc sách, phòng khách, bếp, sân rộng đậu đỗ xe ô tô. nhà cây cối xanh tươi mát. khách thiện chí liên hệ nhanh mr nguyên cọc mua. cam kết thông tin 100 là sự thật.",O O O O O B-LOAI_BDS I-LOAI_BDS O B-SO_TANG I-SO_TANG O O O O B-DIEN_TICH B-SO_PHONG_NGU I-SO_PHONG_NGU I-SO_PHONG_NGU O B-TIEN_ICH_KHAC I-TIEN_ICH_KHAC I-TIEN_ICH_KHAC B-TIEN_ICH_KHAC I-TIEN_ICH_KHAC B-TIEN_ICH_KHAC B-SAN_VUON O B-KV_DE_XE I-KV_DE_XE I-KV_DE_XE I-KV_DE_XE I-KV_DE_XE O O O O O O O O O O O O O O O O O O O O O O O O
"bán toà căn hộ 9 tầng với 27 phòng doanh thu 200tr/tháng , ngay biển mỹ khê đà nẵng diện tích 180m2 ( ngang 10 ) hướng nam vị trí nằm ngay trung tâm du lịch bãi biển mỹ khê , nơi tập trung nhiều toà căn hộ , khách sạn , resort cao cấp 3 5 * , đầy đủ các tiện ích công cộng . dân cư văn minh hiện đại công năng thiết kế 9 tầng với 27p căn hộ , có hồ bơi vô cực , hầm để xe .vv giá 34,9 tỷ ( lvcc ) liên hệ mr.nhật để được tư vấn và xem thực tế toà căn hộ 36land nhận ký gửi bđs đà nẵng",O B-LOAI_BDS I-LOAI_BDS I-LOAI_BDS B-SO_TANG I-SO_TANG O O O O O O O O B-DICH_VU O O O O O O B-DIEN_TICH O B-CHIEU_RONG I-CHIEU_RONG O B-HUONG_NHA I-HUONG_NHA O O O O B-DIA_DIEM I-DIA_DIEM I-DIA_DIEM I-DIA_DIEM O B-DICH_VU O O O O O O O O O O O B-DICH_VU I-DICH_VU O B-DICH_VU O O O O O O O O O O O O O O B-AN_NINH I-AN_NINH I-AN_NINH I-AN_NINH O O O O O O B-SO_TANG I-SO_TANG O O O O O O B-TIEN_ICH_KHAC I-TIEN_ICH_KHAC O O O B-KV_DE_XE I-KV_DE_XE I-KV_DE_XE O O B-GIA I-GIA O O O O O O O O O O O O O O O O O O O O O O O O
"nhà 4 tầng mặt tiền lý tự trọng. sát đường bạch đằng. nôi thất đẹp sang xịn mịn. ngang 3.5 mt 1 khách bếp t2 ngủ wc t3 ngủ wc t4 ngủ giặt đầy đủ công năng. công năng gồm 3 điều hoà (loại xịn mới mua dien may xanh 2 tháng) 3 quạt trần ( mới mua 20t) 1 bếp (moi mua 20t) tủ giường trang điểm ...v...v... mới đóng toàn loại tốt 1 nc nóng 1 máy giặt 1 máy sấy 1 tủ lạnh (tất cả đêu mới mua 2 tháng còn bảo hành) giá bán nhanh hcc tiếp khách thiện chí tìm kiếm theo từ khóa bán nhà mặt tiền hải châu, bán nhà mặt tiền gần sông hàn hải châu, bán nhà mặt tiền lý tự trọng hải châu",O B-SO_TANG I-SO_TANG B-VI_TRI I-VI_TRI O O O O O O O B-NOI_THAT I-NOI_THAT I-NOI_THAT I-NOI_THAT I-NOI_THAT I-NOI_THAT O O B-VI_TRI O B-TIEN_ICH_KHAC B-TIEN_ICH_KHAC O O O O O O B-SO_TANG O O O O O O O O O O B-NOI_THAT I-NOI_THAT O O O O O O O O O O B-NOI_THAT I-NOI_THAT O O O O O B-TIEN_ICH_KHAC O O O B-NOI_THAT I-NOI_THAT I-NOI_THAT I-NOI_THAT O B-NOI_THAT I-NOI_THAT I-NOI_THAT I-NOI_THAT I-NOI_THAT I-NOI_THAT I-NOI_THAT I-NOI_THAT I-NOI_THAT I-NOI_THAT I-NOI_THAT I-NOI_THAT I-NOI_THAT I-NOI_THAT I-NOI_THAT I-NOI_THAT I-NOI_THAT O O O O O O O O O O O O O O O O O O O O O O O B-LOAI_BDS I-LOAI_BDS B-VI_TRI I-VI_TRI O O B-LOAI_BDS I-LOAI_BDS B-VI_TRI I-VI_TRI O B-DICH_VU O O O B-LOAI_BDS I-LOAI_BDS B-VI_TRI I-VI_TRI O O O O O
"khách sạn biển đẳng cấp lô góc khu phố tây an thượng 11 tầng có bể bơi 23 phòng mô tả trung tâm khu phố tây an thượng, lô góc 2 mặt tiền đường 7.5m và 5,5m, vỉa hè 4m, view biển, sân thượng có bar và bể bơi cực chill. diện tích 123m2 50m2 bể bơi 1177m2 sàn xây dựng 23 phòng trong đó 4 căn 2 phòng ngủ 8 căn studio 10 phòng khách sạn. thang máy xịn, phòng kho rộng rãi.khách sạn nằm ở lô góc 2 mặt đường nên tất cả các phòng đều có ban công, cực kỳ sáng thoáng. chủ đang vận hành lợi nhuận cao. khách thuê tháng dài hạn ổn định, phòng khách sạn luôn kín. pháp lý rõ ràng, sổ đỏ cất tủ, sẵn công chứng trong ngày. giá 4x tỷ.",B-LOAI_BDS I-LOAI_BDS B-DICH_VU O O O O O O O O O B-SO_TANG I-SO_TANG O B-TIEN_ICH_KHAC I-TIEN_ICH_KHAC O O O O B-DIA_DIEM I-DIA_DIEM O O O O O O O B-VI_TRI I-VI_TRI I-VI_TRI B-DUONG_KIET I-DUONG_KIET I-DUONG_KIET I-DUONG_KIET B-VIA_HE I-VIA_HE I-VIA_HE B-VIEW I-VIEW B-STHUONG_BCONG I-STHUONG_BCONG O O O O O O O O O B-DIEN_TICH O O O O O O O O O O O O O B-SO_PHONG_NGU I-SO_PHONG_NGU I-SO_PHONG_NGU O O B-TIEN_ICH_KHAC O O B-TIEN_ICH_KHAC O B-NOI_THAT I-NOI_THAT I-NOI_THAT O O O O O O O O O O O O O O O O O O O B-STHUONG_BCONG I-STHUONG_BCONG O O O O O B-TINH_TRANG_KD I-TINH_TRANG_KD I-TINH_TRANG_KD I-TINH_TRANG_KD I-TINH_TRANG_KD I-TINH_TRANG_KD I-TINH_TRANG_KD I-TINH_TRANG_KD I-TINH_TRANG_KD I-TINH_TRANG_KD I-TINH_TRANG_KD I-TINH_TRANG_KD I-TINH_TRANG_KD B-TIEN_ICH_KHAC I-TIEN_ICH_KHAC O O O B-PHAP_LY I-PHAP_LY I-PHAP_LY I-PHAP_LY B-PHAP_LY I-PHAP_LY O O O O O O O O B-GIA I-GIA
"bán 2 nhà của 2 anh em để trả nợ và chuyển mua nhà mới. nhà sát biển mỹ khê diện tích rộng thực tế 155m2 nhà mình 2 mặt đường đường trước nhà 5.5m lề 3m thảm nhựa năm sau sẽ lên tên đường mỹ khê 5, và đường sau nhà bê tông 4m đường thông các ngả, cách biển mỹ khê đẹp nhất hành tinh 100m, cách 200m ra mặt đường nguyễn văn thoại đoạn gần biển nhà đẹp ở ngay hoặc phá đi xây căn hộ, hometay, khách sạn cao tầng thì quá ok, gần biển lên khách tây đuổi đi nó vẫn đến lh soái xem nhà làm việc chính chủ, sổ đỏ đang giữ",B-LOAI_BDS I-LOAI_BDS I-LOAI_BDS O O O O O O O O O O O O O O B-DICH_VU O O O O O O O B-DIEN_TICH O O O O O B-DUONG_KIET I-DUONG_KIET I-DUONG_KIET I-DUONG_KIET B-VIA_HE I-VIA_HE O O O O O O O O O O O O O O O O O O O O O O O B-DICH_VU O O O O O O O O O O O O O O O O O B-DICH_VU O O O O O O O O O O O O O O O O O O O O O O O O O O O O O O O O O O O O B-PHAP_LY I-PHAP_LY O O
"bán mặt tiền 3 tầng 03 mê đường trương định khu du lịch phố biển sơn trà đường 10m5 thông thẳng ra biển ra biển mân thái, bãi biển phạm văn đồng, công viên biển đông diện tích 95m2 ngang 7m15 nhà còn mới đẹp kiên cố , hiện đang kinh doanh chủ cần tiền mong muốn gặp khách thiện chí bán nhanh",O B-VI_TRI I-VI_TRI B-SO_TANG I-SO_TANG O O O O O O O O O O O O B-DUONG_KIET I-DUONG_KIET O O O B-DICH_VU O B-DICH_VU O O O B-DICH_VU O O O B-DICH_VU I-DICH_VU B-DICH_VU O O O B-DIEN_TICH B-CHIEU_RONG I-CHIEU_RONG O O O O O O O O B-TINH_TRANG_KD I-TINH_TRANG_KD I-TINH_TRANG_KD O O O O O O O O O O O
"nhà đẹp ở ngay lô góc 3 thoáng view trường học an sinh tốt chính chủ nhà giảm chào 450tr chào mới 4. x x tỷ, nhà mặt tiền cạnh đường hồ nguyên trừng đất 72 m2. lh soái xem nhà đẹp đất đẹp mô tả. vị trí đẹp, sổ phân lô. đối diện trường nguyễn khuyến, view thoáng vĩnh viễn, sử dụng 2 vỉa hè ô tô dừng đỗ ngày đêm. cách công viên thanh niên vài bước chân, an sinh cực tốt, tiện ích bạt ngàn, đi chợ đầu mối hòa cường cực gần. nhà 2 tầng mới đẹp khách mua về thêm nội thất ở ngay. thiết kế. tầng 1. phòng khách, bếp, 1 phòng ngủ. tầng 2. phòng ngủ, phòng thờ (có thể làm phòng ngủ nếu muốn) sân phơi, tiểu cảnh.",B-LOAI_BDS O O O O O O O B-VIEW I-VIEW I-VIEW I-VIEW I-VIEW I-VIEW O O O O O O O O B-GIA I-GIA I-GIA I-GIA O B-VI_TRI I-VI_TRI O O O O O O B-DIEN_TICH I-DIEN_TICH O O O O O O O O O O O O O O O O O B-DICH_VU O O B-VIEW I-VIEW I-VIEW I-VIEW O O O O O O O O O O O O B-DICH_VU I-DICH_VU O O O O O O O O O O O O O O B-DICH_VU O O O O O O O B-SO_TANG I-SO_TANG O O O O O O O O O O O O O O B-TIEN_ICH_KHAC I-TIEN_ICH_KHAC B-TIEN_ICH_KHAC O O O O O O O B-TIEN_ICH_KHAC I-TIEN_ICH_KHAC O O O O O O O B-TIEN_ICH_KHAC I-TIEN_ICH_KHAC B-TIEN_ICH_KHAC I-TIEN_ICH_KHAC
"nhỉnh 9 tỷ, dòng tiền full 70 triệu mặt tiền đường k20, ngũ hành sơn 170m2, 5 tầng 21 phòng (móng 9 tầng) xem nhà và làm việc trực tiếp chủ, không tiếp mg, tg. tầng 1 2 căn hộ 60m2 chủ đang ở, cho thuê tầm 10 triệu. khu để xe. tầng 2 4 19 phòng trọ gác lửng khép kín, cho thuê giá từ 2,5 triệu 3,5 triệu/phòng. tầng 5 sân phơi, khu giặt. đường 7,5 m, quy hoạch đường 10,5m lề 3m. sổ cầm bank, hồ sơ kinh doanh, hoàn công đầy đủ. hiện đang cho thuê full phòng, 2 căn hộ chủ đang ở. liên hệ soái xem nhà và làm việc chính chủ",O B-GIA I-GIA O O O O O B-VI_TRI I-VI_TRI O O O O O B-DIEN_TICH B-SO_TANG I-SO_TANG O O O O O O O O O O O O O O O O O O O O O O B-DIEN_TICH O B-TINH_TRANG_KD I-TINH_TRANG_KD I-TINH_TRANG_KD I-TINH_TRANG_KD O O O B-KV_DE_XE I-KV_DE_XE I-KV_DE_XE O O O O O O O O O O O O O O O O O O O O B-TIEN_ICH_KHAC I-TIEN_ICH_KHAC B-AN_NINH I-AN_NINH O O O O O B-DUONG_KIET I-DUONG_KIET B-VIA_HE I-VIA_HE O O O O O O O O O O O O B-TINH_TRANG_KD I-TINH_TRANG_KD I-TINH_TRANG_KD O O O O O O O O O O O O O O O O O O
"thông ra đường hùng vương và pasteur, thuộc phường hải châu 1. vị trí rất đẹp ngay trung tâm thành phố. hẻm rộng 2,5 m, nhà cách đường nguyễn thị minh khai chỉ 80 m, cách đường hùng vương 80 m, cách đường pasteur 60 m. diện tích đất 40 m² nở hậu. diện tích sử dụng 100 m², nhà ba tầng đúc. nhà bao gồm 2 phòng ngủ, 3 toiet, đầy đủ nội thất. nhà hướng chính nam rất mát mẻ. để lại toàn bộ nội thất, trang thiết bị sử dụng trong nhà giá trị hơn 200 triệu. hỗ trợ vay ngân hàng, ngân hàng định giá cho vay 2 tỷ. giá bán 3 tỷ 6, có thương lượng cho khách thiện chí.",O O O O O O O O O O O O O O O O O B-DIA_DIEM I-DIA_DIEM I-DIA_DIEM I-DIA_DIEM O O O O O O O O O O O O O O O O O O O O O O O O O O O O B-DIEN_TICH I-DIEN_TICH B-HINH_DANG_NHA I-HINH_DANG_NHA O O O O O O O B-SO_TANG I-SO_TANG O O O O B-SO_PHONG_NGU I-SO_PHONG_NGU I-SO_PHONG_NGU B-SO_TOILET I-SO_TOILET B-NOI_THAT I-NOI_THAT I-NOI_THAT I-NOI_THAT O B-HUONG_NHA I-HUONG_NHA I-HUONG_NHA O O O B-NOI_THAT I-NOI_THAT I-NOI_THAT I-NOI_THAT I-NOI_THAT I-NOI_THAT I-NOI_THAT I-NOI_THAT I-NOI_THAT I-NOI_THAT I-NOI_THAT I-NOI_THAT I-NOI_THAT I-NOI_THAT I-NOI_THAT I-NOI_THAT I-NOI_THAT I-NOI_THAT O O O B-DICH_VU I-DICH_VU B-DICH_VU I-DICH_VU O O O O O O O O B-GIA I-GIA I-GIA O O O O O O O
"siêu phẩm nhà đẹp giá rẻ chào bán siêu phẩm nhà 3 tầng 3 mê đường lê duẩn full nội thất kiệt oto tải 3m vào tận nhà dtđ 85m2 dtsd 210m2 hướng tây nam công năng phòng khách, phòng bếp, 3 phòng ngủ ( có phòng ngủ dưới ) 3 wc, phòng thờ, sân giặt phơi, sân chill, hồ cá , sân để xe rộng rãi, 2 giếng trời trước và sau nhà xây kiên cố móng băng được xây mới hoàn toàn thiết kế 3 tầng mê lệch giếng trời trước và sau quanh nhà. vị trí siêu đẹp kiệt chuẩn 3m nằm trên đường lê duẩn ngay khu phố mua sắm của trung tâm thành phố gần bệnh viện, trường học, chợ . nội thất xịn xò từ trên xuống dưới không thiếu thứ gì, toàn hàng cao cấp có bảo hành gồm 2 bộ salon, tủ bếp, bàn ghế ăn, máy hút mùi , bếp điện từ ,tv, tủ lạnh, 2 máy lạnh, 2 máy nóng lạnh , giường ,tủ , bàn trang điểm . chăn ga gối đệm đầy đủ đã cất tủ gọn gàng, khách vào chỉ cần kéo theo vali vào ở ngay hỗ trợ vay ngân hàng 70 vui lòng gọi trước khi đến xem nhà giúp e nhé giá 4 tỷ 050 có thương lượng.",O O B-LOAI_BDS O O O O O O O O B-SO_TANG I-SO_TANG O O O O O B-NOI_THAT I-NOI_THAT I-NOI_THAT B-DUONG_KIET I-DUONG_KIET I-DUONG_KIET I-DUONG_KIET O O O O B-DIEN_TICH O O B-HUONG_NHA I-HUONG_NHA I-HUONG_NHA O O B-TIEN_ICH_KHAC I-TIEN_ICH_KHAC O B-TIEN_ICH_KHAC B-SO_PHONG_NGU I-SO_PHONG_NGU I-SO_PHONG_NGU O O O O O O B-SO_TOILET I-SO_TOILET B-TIEN_ICH_KHAC I-TIEN_ICH_KHAC O O O B-SAN_VUON O B-TIEN_ICH_KHAC I-TIEN_ICH_KHAC O B-KV_DE_XE I-KV_DE_XE I-KV_DE_XE I-KV_DE_XE I-KV_DE_XE O B-TIEN_ICH_KHAC I-TIEN_ICH_KHAC O O O O O O O O O O O O O O O O B-SO_TANG I-SO_TANG O O O O O O O O O O O O O B-DUONG_KIET I-DUONG_KIET I-DUONG_KIET O O O O O O O O O O O B-DIA_DIEM I-DIA_DIEM I-DIA_DIEM I-DIA_DIEM O B-DICH_VU I-DICH_VU B-DICH_VU I-DICH_VU B-DICH_VU O B-NOI_THAT I-NOI_THAT I-NOI_THAT I-NOI_THAT I-NOI_THAT I-NOI_THAT I-NOI_THAT I-NOI_THAT I-NOI_THAT I-NOI_THAT I-NOI_THAT I-NOI_THAT I-NOI_THAT I-NOI_THAT I-NOI_THAT I-NOI_THAT I-NOI_THAT I-NOI_THAT I-NOI_THAT I-NOI_THAT I-NOI_THAT I-NOI_THAT I-NOI_THAT I-NOI_THAT I-NOI_THAT I-NOI_THAT I-NOI_THAT I-NOI_THAT I-NOI_THAT I-NOI_THAT I-NOI_THAT I-NOI_THAT I-NOI_THAT I-NOI_THAT I-NOI_THAT I-NOI_THAT I-NOI_THAT I-NOI_THAT I-NOI_THAT I-NOI_THAT I-NOI_THAT I-NOI_THAT I-NOI_THAT I-NOI_THAT I-NOI_THAT I-NOI_THAT I-NOI_THAT I-NOI_THAT I-NOI_THAT I-NOI_THAT I-NOI_THAT I-NOI_THAT I-NOI_THAT I-NOI_THAT I-NOI_THAT I-NOI_THAT I-NOI_THAT I-NOI_THAT I-NOI_THAT I-NOI_THAT I-NOI_THAT I-NOI_THAT I-NOI_THAT I-NOI_THAT I-NOI_THAT I-NOI_THAT I-NOI_THAT I-NOI_THAT I-NOI_THAT I-NOI_THAT I-NOI_THAT I-NOI_THAT I-NOI_THAT I-NOI_THAT O O O O O O O O O O O O O O O O O O B-GIA I-GIA I-GIA O O O
"chuyển nhượng khách sạn 4 sao siêu đẳng cấp tại phố tây hồ nghinh, sơn trà, tp biển đà nẵng. vị trí đường rộng 12m5, lề mỗi bên gần 10m. trục thông thẳng công viên biển đông, biển mỹ khê. từ khách sạn đi bộ ra biển 3 phút. phố tương lai mở rộng 18m sẽ là tuyến phố đắt ngang phạm văn đồng hay võ văn kiệt vì vị trí đắc địa và hiếm có của mình. diện tích đất 500m2 mặt tiền 20m. diện tích sàn 5 500m2. khách sạn có 4 thang máy xịn chạy tốc độ cao, êm ru. số tầng 13 tầng. trong đó gồm 2 căn hộ tổng thống. 6 phòng vip và 72 phòng rộng. tầng 12 là skybar rộng 300m2 và hồ bơi rộng cả 100m2. đây là khách sạn 4 sao đẳng cấp nhất phố tây nên phòng họp, hội nghị có thể tổ chức trên 400 người. phòng ăn và nhà bếp rất sang trọng, đẳng cấp, hằng ngày có 100 món ăn giành cho thực khách lựa chọn. vào thăm quan khách sạn sẽ thấy sự chuẩn chỉ, chu toàn từ những chi tiết nhỏ nhất để khách hàng luôn cảm thấy gần gũi không muốn rời xa nơi đây. pháp lý soái lắm chính chủ sổ đỏ giao dịch nhanh. thuế hai bên có thể thương lượng sao cho phù hợp với văn hóa giao dịch mua bán của người địa phương. giá tlcc 11x tỷ. lh soái xem khách sạn cứ báo trước khoảng 1 tiếng để được hỗ trợ phục vụ tốt nhất.",O O B-LOAI_BDS I-LOAI_BDS O O O O O O O O O O O O O O O O O O B-DUONG_KIET I-DUONG_KIET I-DUONG_KIET B-VIA_HE I-VIA_HE I-VIA_HE I-VIA_HE I-VIA_HE O O O B-DICH_VU I-DICH_VU B-DICH_VU O B-DICH_VU O O O B-DICH_VU I-DICH_VU O O O B-DICH_VU O O O O O O O O O O O O O O O O O O O O O O O O O O O O O O O O O O B-DIEN_TICH B-VI_TRI I-VI_TRI O O O O O O B-DICH_VU I-DICH_VU O O B-NOI_THAT I-NOI_THAT I-NOI_THAT O O O O O O O O B-SO_TANG I-SO_TANG O O O O O O O O O O O O O O O O O O B-TIEN_ICH_KHAC O B-DIEN_TICH O B-TIEN_ICH_KHAC I-TIEN_ICH_KHAC O O O O O B-DICH_VU I-DICH_VU O O O O O O O O O O O O O O O O O O O B-TIEN_ICH_KHAC I-TIEN_ICH_KHAC O O B-TIEN_ICH_KHAC O O O O O O O O O O O O O O O O O O O O B-DICH_VU I-DICH_VU O O O O O O O O O O O O O O O O O O O O O O O O O O O O O O O O O B-PHAP_LY I-PHAP_LY O O O O O O O O O O O O O O O O O O O O O O O O O O O B-GIA I-GIA O O O O O O O O O O O O O O O O O O O
"chính chủ cần bán gấp xử lý việc gia đình dtd 50 m, 2 tầng, ngang 8m nở hậu, 2 mặt kiệt ô tô nhà thông thoáng thích hợp để ở hoặc kinh doanh online khách thiện chí liên hệ mr nguyên tư vấn xem nhà miễn phí. sẽ quyết nhanh cho khách thiện chí.",O O O O O O O O O O O B-DIEN_TICH I-DIEN_TICH B-SO_TANG I-SO_TANG B-CHIEU_RONG I-CHIEU_RONG B-HINH_DANG_NHA I-HINH_DANG_NHA O O O O O O O O B-TIEM_NANG I-TIEM_NANG I-TIEM_NANG I-TIEM_NANG I-TIEM_NANG I-TIEM_NANG I-TIEM_NANG I-TIEM_NANG B-TIEN_ICH_KHAC O O O O O O O O O O O O O O O O O O O
"chủ định cư nước ngoài nên cần bán lại nhà 2 tầng mặt tiền đường nguyễn đình tựu, q.thanh khê, đà nẵng. vị trí nằm trung tâm quận, sát với khu chợ hoa, dân cư đông đúc sầm uất, thông với điện biên phủ hà huy tập,... xung quanh đầy đủ tiện ích. khu vip. dtđ 100m2, dtsd 175m2. công năng 2 tầng, 3pn, 3pwc, khách, bếp, sân phơi... đầy đủ công năng. pháp lý sổ đỏ giá bán 6ty9x (tl thiện chí) hỗ vay vay tối đa 80 giá trị tại nh quốc tế vib đà nẵng liên hệ mr.vũ (chuyên bds đà nẵng)",O O O O O O O B-LOAI_BDS I-LOAI_BDS I-LOAI_BDS B-SO_TANG I-SO_TANG B-VI_TRI I-VI_TRI B-DIA_CHI I-DIA_CHI I-DIA_CHI I-DIA_CHI I-DIA_CHI I-DIA_CHI I-DIA_CHI I-DIA_CHI O O O B-DIA_DIEM I-DIA_DIEM I-DIA_DIEM O O O B-DICH_VU O B-DAN_CU I-DAN_CU I-DAN_CU I-DAN_CU B-KINH_DOANH I-KINH_DOANH O O O O O O O O O O B-TIEN_ICH_KHAC I-TIEN_ICH_KHAC I-TIEN_ICH_KHAC I-TIEN_ICH_KHAC O O O B-DIEN_TICH O O O O B-SO_TANG I-SO_TANG B-SO_PHONG_NGU B-SO_TOILET B-TIEN_ICH_KHAC B-TIEN_ICH_KHAC B-TIEN_ICH_KHAC I-TIEN_ICH_KHAC O O O O O O B-PHAP_LY I-PHAP_LY O O B-GIA O O O O O O O O O O O O O O O O O O O O O O O O O
"chủ chuyển chổ ở cần bán 1 căn gốc fhome tại 16 lý thường kiệt, quận hải châu, tp đà nẵng diện tích 63m2 gồm 2pn 2wc sổ hồng sở hữu lâu dài, công chứng ngay để lại toàn bộ nội thất view biển view thành phố giá bán 2,55 tỷ liên hệ xem nhà 0903123157 tuyết nhi ( zalo phone viber)",O O O O O O O O O O O B-DIA_CHI I-DIA_CHI I-DIA_CHI I-DIA_CHI I-DIA_CHI I-DIA_CHI I-DIA_CHI I-DIA_CHI I-DIA_CHI I-DIA_CHI O O B-DIEN_TICH O B-SO_PHONG_NGU B-SO_TOILET B-PHAP_LY I-PHAP_LY O O O O O O O O O O O O O B-VIEW I-VIEW B-VIEW I-VIEW I-VIEW O O B-GIA I-GIA O O O O O O O O O O O
3 tầng 3 mê nhà mới ken kiệt 2.5m. nội thất xịn. 160.6 trần cao vân (thửa 899 tờ 8) 50 3 5 10 3.05 tỷ thanh khê nhà 3 tầng 3 mê đúc sang xịn mịn vào ở ngay. gồm 3 p.ngủ. ( 2 ngủ khép kín). 4 wc. điều hoà nóng lạnh bếp khách sân xe rộng. p. thờ khách bếp sân phơi ...,B-SO_TANG I-SO_TANG O O B-LOAI_BDS O O B-DUONG_KIET I-DUONG_KIET B-NOI_THAT I-NOI_THAT I-NOI_THAT O O O O O O O O O O O O B-GIA I-GIA O O B-LOAI_BDS B-SO_TANG I-SO_TANG O O O O O O O O O O B-SO_PHONG_NGU I-SO_PHONG_NGU O B-SO_PHONG_NGU I-SO_PHONG_NGU O O B-SO_TOILET I-SO_TOILET B-NOI_THAT I-NOI_THAT I-NOI_THAT I-NOI_THAT B-TIEN_ICH_KHAC B-TIEN_ICH_KHAC B-KV_DE_XE I-KV_DE_XE O B-TIEN_ICH_KHAC I-TIEN_ICH_KHAC B-TIEN_ICH_KHAC B-TIEN_ICH_KHAC B-TIEN_ICH_KHAC I-TIEN_ICH_KHAC O
"lô góc 2 mặt tiền quách xân nguyễn thị cận, đường 7,5m, khu phước lý, p.hoà minh, quận liên chiểu, đà nẵng vị trí song song với lê trọng tấn gần trường đại học duy tân, gần bến xe trung tâm phù hợp xây văn phòng cho thuê, mở quán café, căn hộ mini cho sinh viên thuê dân cư đông đúc đầy đủ tiện ích xung quanh diện tích 142m2, mặt tiền ngang 7,1m, dài 21m 2 mặt tiền 2 đường 7.5m, lề 4m",O O B-VI_TRI I-VI_TRI I-VI_TRI O O O O O B-DUONG_KIET I-DUONG_KIET B-DIA_CHI I-DIA_CHI I-DIA_CHI I-DIA_CHI I-DIA_CHI I-DIA_CHI I-DIA_CHI I-DIA_CHI I-DIA_CHI I-DIA_CHI O O O O O O O O O B-DICH_VU B-DICH_VU I-DICH_VU O O O B-DICH_VU I-DICH_VU B-DIA_DIEM I-DIA_DIEM B-TIEM_NANG I-TIEM_NANG I-TIEM_NANG I-TIEM_NANG I-TIEM_NANG I-TIEM_NANG I-TIEM_NANG I-TIEM_NANG I-TIEM_NANG I-TIEM_NANG I-TIEM_NANG I-TIEM_NANG I-TIEM_NANG I-TIEM_NANG I-TIEM_NANG I-TIEM_NANG I-TIEM_NANG B-DAN_CU I-DAN_CU I-DAN_CU I-DAN_CU B-TIEN_ICH_KHAC I-TIEN_ICH_KHAC I-TIEN_ICH_KHAC I-TIEN_ICH_KHAC O O O O B-DIEN_TICH B-VI_TRI I-VI_TRI B-CHIEU_RONG I-CHIEU_RONG B-CHIEU_DAI I-CHIEU_DAI B-VI_TRI I-VI_TRI I-VI_TRI O B-DUONG_KIET I-DUONG_KIET B-VIA_HE I-VIA_HE
"vị trí giao thông thuận lợi,cách vài bước chân ra đường chính phạm hùng ngay trường cáp i,ii,iii. rất phù hợp an cư lập nghiệp tại đà nẵng diện tích 100m2, mặt tiền 5m, đường 5.5m, lề 3m nhà 2 tầng gồm p.khách, 3 phòng ngũ , 2wc, thờ . khu vực thoáng mát, an ninh tốt, yên tĩnh, dân trí cao tiện ích xung quanh đầy đủ gần công viên, chợ, siêu thị winmart giá rẻ nhất khu vực hoà xuân, phù hợp nhu cầu định cư đà nẵng liên hệ ngay để xem nhà mr hùng",O O O O O O O O O O O O O O O B-DICH_VU O O O B-TIEM_NANG I-TIEM_NANG I-TIEM_NANG I-TIEM_NANG I-TIEM_NANG I-TIEM_NANG I-TIEM_NANG I-TIEM_NANG I-TIEM_NANG O O B-DIEN_TICH B-VI_TRI I-VI_TRI O B-DUONG_KIET I-DUONG_KIET B-VIA_HE I-VIA_HE O B-SO_TANG I-SO_TANG O B-TIEN_ICH_KHAC B-SO_PHONG_NGU I-SO_PHONG_NGU I-SO_PHONG_NGU O B-SO_TOILET B-TIEN_ICH_KHAC O O O O O B-AN_NINH I-AN_NINH I-AN_NINH O O B-AN_NINH I-AN_NINH I-AN_NINH O O O O O O O B-DICH_VU I-DICH_VU B-DICH_VU B-DICH_VU I-DICH_VU O O O O O O O O O O O O O O O O O O O O O O O O
"cần bán đất lô góc 2 mặt tiền đường bùi trang chước và nguyễn thị sáu thuộc hoà xuân, cẩm lệ đà nẵng giá rẻ sụp sàn nằm ngay góc ngã tư đường 10,5m và đường 7,5m hướng chính tây bắc hướng đông bắc, dãy biệt thự đẹp ngất ngay, sát sông mát mẻ diện tích đất 428m2 ( 17,34 x 25 ) đường thông dài, gần sông, xung quanh nhiều biệt thự đã xây dựng giá bán 17ty2 có thương lượng cho khách thiện chí còn nhiều lô đất biệt thự diện tích lớn từ 500 1000m2 và lớn hơn nữa ms châu chuyên nhà và đất khu hoà xuân, cẩm lệ, đà nẵng",O B-LOAI_BDS I-LOAI_BDS O O B-VI_TRI I-VI_TRI I-VI_TRI O O O O O O O O O O O O O O O O O O O O O O O O B-DUONG_KIET I-DUONG_KIET O B-DUONG_KIET I-DUONG_KIET O O O O B-HUONG_NHA I-HUONG_NHA I-HUONG_NHA O B-DICH_VU I-DICH_VU O O O O B-DICH_VU O O O O O B-DIEN_TICH O B-CHIEU_RONG O B-CHIEU_DAI O O O O O B-DICH_VU O O O B-LOAI_BDS I-LOAI_BDS O O O O O B-GIA O O O O O O O O O O O O O O O O O O O O O O O O O O O O O O O O O O O O
"khách sạn vip nhất đẹp nhất biển phạm văn đồng giá hạt rẻ. khách sạn nằm trên trục thông thẳng công viên biển đông mỹ khê. từ khách sạn đi bộ ra biển 2 phút đi bộ. phố khách sạn rộng 10.5m lề 7m tương lai mở rộng 18m2 sẽ là tuyến phố đắt ngang phạm văn đồng hay võ văn kiệt vì vị trí đắc địa và hiếm có của mình. diện tích đất 20m² x 25m² 500m2. diện tích sàn 5 500m2. khách sạn có 4 thang máy chạy ầm ầm. số tầng 13 tầng. trong đó gồm 2 căn hộ tổng thống. 6 phòng vip và 72 phòng to, nhỏ. tầng 12 là skybar rộng 360m2 và hồ bơi rộng cả 100m2. đây là khách sạn 4 sao đẳng cấp nhất phố nên phòng họp, hội nghị có thể tổ chức trên 250 người. phòng ăn và nhà bếp rất sang trọng, đẳng cấp, hằng ngày có 100 món ăn giành cho thực khách lựa chọn. vào thăm quan khách sạn sẽ thấy sự chuẩn chỉ, chu toàn từ những chi tiết nhỏ nhất để khách hàng luôn cảm thấy gần gũi không muốn rời xa nơi đây. lh chính chủ miễn tiếp mg không chín tám bẩy (0987) không bốn bẩy (047) sáu tám ba (683)",O O O O O O B-DICH_VU O O O O O O O O O O O O O B-DICH_VU I-DICH_VU B-DICH_VU O O O O O O O O O B-DICH_VU O O O O O O O O O B-VIA_HE I-VIA_HE O O O O O O O O O O O O O O O O O O O O O O O O O O O O O O O O O O O O O O O O O O O O B-NOI_THAT I-NOI_THAT O O O O O O O O O O O O O O O O O O O O O O O O O O O O O O B-TIEN_ICH_KHAC I-TIEN_ICH_KHAC O O O O O O O O O O O O O O O O O O O O O O O O O O O O O B-TIEN_ICH_KHAC O O O O O O O O O O O O O O O O O O O O O O O O O O O O O O O O O O O O O O O O O O O O O O O O O O O O O O O O O O O O O O O O O O O O
"bán gấp nhà đường kiệt ô tô tránh lê hữu trác, quận sơn trà, tp đà nẵng. vị trí trung tâm quận sơn trà, tập trung đông khách du lịch, kinh doanh sầm uất. cách cầu rồng 500m. cách biển mỹ khê 500m. tiện ích xung quanh là trường học cấp 1,2. chợ an hải đông. gần cấp 3 hoàng hoa thám. dân trí cao, văn minh chủ thân thiên, thiện chí bán nhà. hiện tại nhà đang có dòng tiền 30 triệu/ tháng.",B-LOAI_BDS I-LOAI_BDS I-LOAI_BDS O O O O O O O O O O O O O O O O B-DIA_DIEM I-DIA_DIEM I-DIA_DIEM O O O O O O O O B-KINH_DOANH I-KINH_DOANH I-KINH_DOANH I-KINH_DOANH O B-DICH_VU O O O B-DICH_VU O O O O O O O O B-DICH_VU I-DICH_VU O O B-DICH_VU O O O O O O O O O B-AN_NINH I-AN_NINH I-AN_NINH O O O O O O O B-LOAI_BDS I-LOAI_BDS B-TINH_TRANG_KD I-TINH_TRANG_KD I-TINH_TRANG_KD I-TINH_TRANG_KD I-TINH_TRANG_KD I-TINH_TRANG_KD I-TINH_TRANG_KD I-TINH_TRANG_KD I-TINH_TRANG_KD I-TINH_TRANG_KD
"gia đình mua được nhà bên ngũ hành sơn nên bán căn chung cư bluehouse cực kì giữ gìn. view cửa sổ hướng sông hàn, xung quanh thuận tiện giao thông, trường, chợ. hiện tại để không, không muốn cho thuê vì sợ cũ nhà. diện tích 54m2, 2 phòng ngủ, 2 wc, block b tầng 9 (ko sợ bị ồn ào) phòng khách rộng rãi, hệ thống bếp tiện nghi. tặng lại nội thất như, sàn gỗ xịn máy giặt, tủ lạnh, điều hòa, tủ bếp và bàn ghế, giường gỗ. sổ đỏ, pháp lý sạch. giá 1.08 tỷ thương lượng liên hệ a dương chính chủ",O O O O O O O O O O B-LOAI_BDS I-LOAI_BDS I-LOAI_BDS I-LOAI_BDS O O O O O O O O O B-DICH_VU O O O O O O O B-DICH_VU B-DICH_VU B-TINH_TRANG_KD I-TINH_TRANG_KD I-TINH_TRANG_KD I-TINH_TRANG_KD I-TINH_TRANG_KD I-TINH_TRANG_KD I-TINH_TRANG_KD I-TINH_TRANG_KD I-TINH_TRANG_KD I-TINH_TRANG_KD I-TINH_TRANG_KD I-TINH_TRANG_KD O O B-DIEN_TICH B-SO_PHONG_NGU I-SO_PHONG_NGU I-SO_PHONG_NGU B-SO_TOILET I-SO_TOILET O O B-SO_TANG I-SO_TANG O O O O O B-TIEN_ICH_KHAC I-TIEN_ICH_KHAC O O O O B-TIEN_ICH_KHAC O O O O O O O O O O O O O O O O O B-TIEN_ICH_KHAC O O O O O B-PHAP_LY I-PHAP_LY O O O O B-GIA I-GIA O O O O O O O O
"hot hot hạ nhiệt cuối tháng chỉ còn 2tỷ550 ( có thương lượng ) thì còn chằng chừ gì nữa khách ơi hãy alo cho lan anh sẽ phụ vụ quý khách tận tâm và tư vấn miễn phí nhà 2 tầng k 2,5m cách kiệt oto tải tầm 10m, địa chỉ k249 hà huy tập. dt 48m2 ngang 5m vuông vức hướng nam nhà xây kiên cố thiết kế hiện đại, móng 3 tầng gồm phòng khách, bếp, 3 phòng ngủ (có pn dưới), 2wc, phòng thờ, sân phơi, sân để xe rộng. full nội thất , 2 máy lạnh, bình nước nóng lạnh chỉ cần đem quần áo vào là ở. có chỗ đậu oto 24/7 cách nhà tầm 40m /zalo",O O O O O O O O B-GIA O O O O O O O O O O O O O O O O O O O O O O O O O O O O O O B-LOAI_BDS B-SO_TANG I-SO_TANG O O O O O O O O O O O O O O O B-DIEN_TICH B-CHIEU_RONG I-CHIEU_RONG O O B-HUONG_NHA I-HUONG_NHA O O O O O O O O O B-SO_TANG I-SO_TANG O B-TIEN_ICH_KHAC I-TIEN_ICH_KHAC B-TIEN_ICH_KHAC B-SO_PHONG_NGU I-SO_PHONG_NGU I-SO_PHONG_NGU O O O B-SO_TOILET B-TIEN_ICH_KHAC I-TIEN_ICH_KHAC B-TIEN_ICH_KHAC I-TIEN_ICH_KHAC B-KV_DE_XE I-KV_DE_XE I-KV_DE_XE O B-NOI_THAT I-NOI_THAT I-NOI_THAT O O O O O O O O O O O O O O O O B-KV_DE_XE I-KV_DE_XE I-KV_DE_XE I-KV_DE_XE O O O O O O
"hot hot chính chủ cần bán nhà 2 tầng ra bãi biển nguyễn tất thành 20m2 một ngôi nhà xung quanh đầy đủ tiện ích cho tất cả quý khách hàng có nhu cầu dưỡng già và khí hậu quanh năm mát mẻ điều quang trọng khu vực không bao giờ bị ngập nước khi mùa mưa bão về cam kết 100 chào bán nhà k oto đổ nhựa nguyễn tất thành thông trần cao vân bán nhà 2 tầng kiệt oto 3m5 trần cao vân quận thanh khê k814a/52 k1209 nguyễn tất thành vào thẳng đường 50m diện tích 52m2 dtsd 104m2 công năng 3 phòng ngủ ( 1 pn dưới ), 2 vệ sinh , phòng khách , bếp , phòng thờ , sân phơi , sân để xe rộng rãi hướng tây giá bán 3ty250 tr tl nhé lh",O O O O O B-LOAI_BDS I-LOAI_BDS B-SO_TANG I-SO_TANG O O B-DICH_VU O O O O O O O O O B-TIEN_ICH_KHAC I-TIEN_ICH_KHAC I-TIEN_ICH_KHAC I-TIEN_ICH_KHAC O O O O O O O O O O O O O O O O O O O O O O O B-THOAT_NUOC I-THOAT_NUOC I-THOAT_NUOC I-THOAT_NUOC I-THOAT_NUOC I-THOAT_NUOC I-THOAT_NUOC I-THOAT_NUOC I-THOAT_NUOC I-THOAT_NUOC I-THOAT_NUOC O O O O B-LOAI_BDS I-LOAI_BDS O O O O O O O O O O O B-LOAI_BDS I-LOAI_BDS B-SO_TANG I-SO_TANG B-DUONG_KIET I-DUONG_KIET I-DUONG_KIET O O O O O O O O O O O O O O O O O B-DIEN_TICH O O O O B-SO_PHONG_NGU I-SO_PHONG_NGU I-SO_PHONG_NGU O O O O O B-SO_TOILET I-SO_TOILET I-SO_TOILET O B-TIEN_ICH_KHAC I-TIEN_ICH_KHAC O B-TIEN_ICH_KHAC O B-TIEN_ICH_KHAC I-TIEN_ICH_KHAC O B-TIEN_ICH_KHAC I-TIEN_ICH_KHAC O B-KV_DE_XE I-KV_DE_XE I-KV_DE_XE I-KV_DE_XE I-KV_DE_XE B-HUONG_NHA I-HUONG_NHA O O B-GIA I-GIA O O O
"chính chủ bán nhà 4 tầng nguyễn phạm tuân, full nội thất cao cấp. mặt tiền nguyễn phạm tuân, song song trường sa, khu vực thoáng mát, yên tĩnh. ngay cạnh bãi tắm tân trà và các khu resort nghĩ dưỡng aria da nang, sheraton đà nẵng, sân golf, coco bay đà nẵng, fpt đà nẵng. dt 7 x 20 140m² hướng đông bắc. 7 phòng ngủ,  8wc. nội thất cao cấp, thiết kế hiện đại rất đẹp.",O O B-LOAI_BDS I-LOAI_BDS B-SO_TANG I-SO_TANG O O O O B-NOI_THAT I-NOI_THAT I-NOI_THAT I-NOI_THAT B-VI_TRI I-VI_TRI O O O O O B-DICH_VU O O O O O O O O O B-DICH_VU I-DICH_VU O O O O O B-DICH_VU O O O O O O O O O O O O O O O O O O B-CHIEU_RONG O B-CHIEU_DAI B-DIEN_TICH B-HUONG_NHA I-HUONG_NHA I-HUONG_NHA B-SO_PHONG_NGU I-SO_PHONG_NGU I-SO_PHONG_NGU B-SO_TOILET B-NOI_THAT I-NOI_THAT I-NOI_THAT I-NOI_THAT I-NOI_THAT I-NOI_THAT I-NOI_THAT I-NOI_THAT I-NOI_THAT I-NOI_THAT
"chính chủ cần bán gấp nhà biệt thự dtd 115m, ngang 6m, 2 tầng đường 35m, lề 6m chỉ hơn 7 tỷ. vị trí thuận tiện để ở,  kinh doanh, văn phòng, xây dựng căn hộ cho thuê rất đắc địa. khách thiện chí liên hệ ngay mr phượng tư vấn xem nhà miễn phí . cam kết thông tin trên tin đăng 100 sự thật.",O O O O O B-LOAI_BDS O O O B-DIEN_TICH B-CHIEU_RONG I-CHIEU_RONG B-SO_TANG I-SO_TANG B-DUONG_KIET I-DUONG_KIET B-VIA_HE I-VIA_HE O O B-GIA I-GIA O O B-TIEM_NANG I-TIEM_NANG I-TIEM_NANG I-TIEM_NANG I-TIEM_NANG I-TIEM_NANG I-TIEM_NANG I-TIEM_NANG I-TIEM_NANG I-TIEM_NANG I-TIEM_NANG I-TIEM_NANG I-TIEM_NANG I-TIEM_NANG I-TIEM_NANG I-TIEM_NANG I-TIEM_NANG O O O O O O O O O O O O O O O O O O O O O O O O O
"chủ cần bán toà căn hộ với công suất phòng cho thuê 100 ngay khu phố tây an thượng. dtd 270m, ngang 15m, 8 tầng, 18 căn hộ khép kín full nội thất. đường 7,5m lề 3m. sổ hồng chính chủ. giá bán thỏa thuận lh qua zalo/ phone ms phương. sẽ quyết nhanh cho khách hàng thiện chí.",O O O O B-LOAI_BDS I-LOAI_BDS O O O O O O O O O O O O O O B-DIEN_TICH B-CHIEU_RONG I-CHIEU_RONG B-SO_TANG I-SO_TANG O O O O O B-NOI_THAT I-NOI_THAT I-NOI_THAT B-DUONG_KIET I-DUONG_KIET B-VIA_HE I-VIA_HE B-PHAP_LY I-PHAP_LY I-PHAP_LY I-PHAP_LY O O O O O O O O O O O O O O O O O O
"chính chủ bán nhanh giảm chào 10 tỷ tặng nhà 3 tầng ngay trên lô đất hơn 400m ngang 12 m. đường 58m ( lề 6m rộng ) vị trí đẹp, kinh doanh sầm uất, khu vực nhiều lĩnh vực kinh doanh như ăn uống, coffee, villa nghĩ dưỡng, khách sạn liên hệ ngay ms phương tư vấn xem nhà miễn phí.",O O O O O O B-GIA I-GIA O O B-SO_TANG I-SO_TANG O O B-LOAI_BDS I-LOAI_BDS O B-DIEN_TICH B-CHIEU_RONG I-CHIEU_RONG I-CHIEU_RONG B-DUONG_KIET I-DUONG_KIET O B-VIA_HE I-VIA_HE O O O O O B-KINH_DOANH I-KINH_DOANH I-KINH_DOANH I-KINH_DOANH O O O O O O O O O O O B-DICH_VU O O B-DICH_VU I-DICH_VU O O O O O O O O O O O
"khách sạn 19 tầng, 81 phòng nghỉ, 12 căn hộ lưu trú 2 phòng ngủ. vị trí kinh doanh đắc địa, đa phần là khách nước ngoài, công suất sử dụng phòng full. vì chủ có kế hoạch mới và nhiều toà khách sạn nên bán bớt 1 toà. khách hàng thiện chí mua liên hệ em phượng để hỗ trợ thông tin mua bán.",B-LOAI_BDS I-LOAI_BDS B-SO_TANG I-SO_TANG O O O O B-DICH_VU I-DICH_VU O O B-SO_PHONG_NGU I-SO_PHONG_NGU I-SO_PHONG_NGU O O B-KINH_DOANH I-KINH_DOANH I-KINH_DOANH I-KINH_DOANH O O O O O O O O O O O O O O O O O O O O O B-DICH_VU I-DICH_VU O O O O O O O O O O O O O O O O O O O O O
"chính chủ cần bán gấp căn nhà đường 7,5m nên giảm nhanh 500 triệu chỉ còn hơn 2.5 tỷ. nhà diện tích 110m ngang 6,7 m cấp 4 và gác lửng. vị trí kinh doanh, tương lai phát triển tốt. khách thiện chí liên hệ mr nguyên đặt cọc.",O O O B-LOAI_BDS I-LOAI_BDS I-LOAI_BDS I-LOAI_BDS B-DUONG_KIET I-DUONG_KIET O O O O O O O O B-GIA I-GIA O O O B-DIEN_TICH B-CHIEU_RONG I-CHIEU_RONG I-CHIEU_RONG O O O O O B-TIEM_NANG I-TIEM_NANG I-TIEM_NANG I-TIEM_NANG I-TIEM_NANG I-TIEM_NANG I-TIEM_NANG I-TIEM_NANG I-TIEM_NANG O O O O O O O O O
"dtd 56 m , 3 tầng, 4 phòng ngủ, ngang 8m, kiệt ô tô đỗ , vị trí thông thoáng . phù hợp ở hoặc cho thuê. kinh doanh mua bán cũng tiện. làm việc chính chủ. giá tốt cọc ngay. liên hệ mr nguyên tư vấn xem nhà hoàn toàn miễn phí.",O B-DIEN_TICH I-DIEN_TICH O B-SO_TANG I-SO_TANG B-SO_PHONG_NGU I-SO_PHONG_NGU I-SO_PHONG_NGU B-CHIEU_RONG I-CHIEU_RONG B-KV_DE_XE I-KV_DE_XE I-KV_DE_XE I-KV_DE_XE O O O O O O B-TIEM_NANG I-TIEM_NANG I-TIEM_NANG I-TIEM_NANG I-TIEM_NANG I-TIEM_NANG I-TIEM_NANG I-TIEM_NANG I-TIEM_NANG I-TIEM_NANG I-TIEM_NANG I-TIEM_NANG O O O O O O O O O O O O O O O O O O O O
"chính chủ bán lô đất vàng hiếm trần bạch đằng phố tây an thượng xd 19 tầng vị trí lô đất nằm ngay vị trí vàng, khu phố tây an thượng, gần mường thanh lu x ury, xung quanh toàn những khách sạn cao cấp. thông tin diện tích 12 * 25.5 382.5m², mặt tiền đường trần bạch đằng, đường 10.5m, lề mỗi bên 5m sát đỗ bá, rất hiếm hàng bán ra. pháp lý sổ đỏ chính chủ, sẵn sàng giao dịch ngay. giá bán thương lượng chính chủ. liên hệ để biết thêm thông tin chi tiết. chuyên đất biển, khách sạn tại tp đà nẵng. liên hệ để được tư vấn",O O B-LOAI_BDS I-LOAI_BDS I-LOAI_BDS O O O O O O O O O O B-SO_TANG I-SO_TANG O O O O O O O O O O O O O O O O O O O O O O O O B-DICH_VU I-DICH_VU O O O O O O B-CHIEU_RONG O B-CHIEU_DAI B-DIEN_TICH B-VI_TRI I-VI_TRI O O O O B-DUONG_KIET I-DUONG_KIET B-VIA_HE I-VIA_HE I-VIA_HE I-VIA_HE O O O O O O O O O O B-PHAP_LY I-PHAP_LY I-PHAP_LY I-PHAP_LY O O O O O O O O O O O O O O O O O O O O O O O O O O O O O O O O O O O
"thông tin villa diện tích 616,3m² đã có sổ đỏ. diện tích sàn 215,8m² hướng đông nam mát mẻ từ villa ra biển chưa tới 100 mét , phía sau nhà cũng có view biển và sân golf thiết kế công năng villa 2 tầng 1 phòng khách, 4 phòng ngủ lớn, 4 phòng wc nam nữ. ngoại thất full nhập ngoại, đá marble cao cấp tây ban nha nhập. có hồ bơi riêng view trực tiếp mặt biển. 1 gara để 2 ô tô lớn. 1 sân vườn rộng để bbq. giá bán chính chủ 33 tỷ liên hệ để nhận hồ sơ pháp lý, thăm quan trực tiếp khách sạn đàm phán trực tiếp chủ đầu tư",O O B-LOAI_BDS O O B-DIEN_TICH O O B-PHAP_LY I-PHAP_LY O O O O B-HUONG_NHA I-HUONG_NHA I-HUONG_NHA O O O O O B-DICH_VU O O O O O O O O O O B-VIEW I-VIEW O O O O O O O O B-SO_TANG I-SO_TANG O B-TIEN_ICH_KHAC I-TIEN_ICH_KHAC B-SO_PHONG_NGU I-SO_PHONG_NGU I-SO_PHONG_NGU O B-SO_TOILET I-SO_TOILET I-SO_TOILET O O O O B-NOI_THAT I-NOI_THAT I-NOI_THAT I-NOI_THAT I-NOI_THAT I-NOI_THAT I-NOI_THAT I-NOI_THAT I-NOI_THAT I-NOI_THAT I-NOI_THAT O B-TIEN_ICH_KHAC I-TIEN_ICH_KHAC O O O O O B-DICH_VU B-KV_DE_XE I-KV_DE_XE I-KV_DE_XE I-KV_DE_XE I-KV_DE_XE I-KV_DE_XE I-KV_DE_XE O B-SAN_VUON I-SAN_VUON O O O O O O O B-GIA I-GIA O O O O O O O O O O O O O O O O O O O O O
"chuyển nhượng khách sạn 4 quốc tế 200 phòng view biển vị trí 2 mặt tiền trục chính khu phố tây , khu vực tập trung 70 các loại hình lưu trú các dịch vụ phục vụ dl . cách biển mỹ khê 200 mét thông tin chi tiết dt đất 1174,5m² dt sàn 12.336m². bao gồm 2 phân khu 16 tầng nổi 1 tầng hầm tầng lững 8 tầng tầng hầm. với quy mô lên tới 200 phòng. hệ thống các phòng thiết kế theo phong cách châu âu vừa cổ điển . hiện đại, trang trí sang trọng, đầy đủ tiện nghi. tiện ích bể bơi ngoài trời, nhà hàng, phòng hội nghị, phòng tập gym, spa vv. * * * khách sạn có sẵn vận hành có sẵn khách đoàn thường xuyên, có thương hiệu và đội ngũ cấp quản lý, nhân viên được đào tạo chuyên nghiệp, nhiệt tình và chu đáo.hàng năm đạt doanh thu cao, lượng khách ổn định giá bán trực tiếp chủ đầu tư 5xx tỷ liên hệ để báo giá, nhận hồ sơ pháp lý, thăm quan trực tiếp khách sạn đàm phán trực tiếp chủ đầu tư",B-LOAI_BDS I-LOAI_BDS I-LOAI_BDS I-LOAI_BDS O O O O O B-VIEW I-VIEW O O B-VI_TRI I-VI_TRI I-VI_TRI O O O O O O O O O O O O O O O O O O O O O O O O B-DICH_VU O O O O O O O O O O B-DIEN_TICH O O O O O O O O B-SO_TANG I-SO_TANG O O B-TIEN_ICH_KHAC I-TIEN_ICH_KHAC O O O O B-TIEN_ICH_KHAC I-TIEN_ICH_KHAC O O O O O O O O O O O O O O O O O O O O O O O O O O O O O O O O O O O O O O B-DICH_VU I-DICH_VU B-TIEN_ICH_KHAC I-TIEN_ICH_KHAC I-TIEN_ICH_KHAC B-TIEN_ICH_KHAC I-TIEN_ICH_KHAC I-TIEN_ICH_KHAC B-TIEN_ICH_KHAC O O O O O O O O O O O O O O O O O O O O O O O O O O O O O O O O O O O O O O O O O O O O O O O O O O O O O B-GIA I-GIA O O O O O O O O O O O O O O O O O O O O O O O
"chuyển nhượng khách sạn 4 sao đường phạm văn đồng trục đường chính của quận sơn trà giá 2 x x tỷ vị trí trục đường phạm văn đồng diện tích đất 380m2 ( mặt tiền 15m ) số tầng 20 tầng số phòng 100 phòng tiện ích bể bơi tầng thượng, nhà hàng, phòng gym, spa... với các hệ thống nội thất chuẩn 4 sao, tọa lạc trên trục đường huyết mạch nối thẳng xuống bãi tắm mỹ khê phòng nghỉ dưỡng sang trọng và các dịch vụ 4 sao đi kèm. 𝑮𝒊𝒂 𝒄𝒉𝒖𝒚𝒆 𝒏 𝒏𝒉𝒖 𝒐 𝒏𝒈 xin vui lòng liên hệ trực tiếp để trao đổi 𝐂𝐇𝐔𝐘𝐄 𝐍 𝐌𝐔𝐀 𝐁𝐀 𝐍 𝐂𝐇𝐎 𝐓𝐇𝐔𝐄 𝐁đ𝐒 đ𝐀 𝐍𝐀 𝐍𝐆 𝐇𝐎 𝐈 𝐀𝐍 𝐍𝐇𝐀 𝐓𝐑𝐀𝐍𝐆 đ𝐀 𝐓 𝐁𝐈𝐄 𝐍, 𝐓𝐎𝐀 𝐊𝐇𝐀 𝐂𝐇 𝐒𝐀 𝐍, 𝐓𝐎𝐀 𝐂𝐀 𝐍 𝐇𝐎 quận sơn trà ngũ hành sơn, tp đà nẵng hỗ trợ xin giấy phép, hoàn công tài sản địa chỉ văn phòng số 48 phan liêm, phường mỹ an, quận ngũ hành sơn, đà nẵng 𝐇𝐨 𝐧 𝐭𝐡𝐞 𝐧𝐮 𝐚, 𝐕𝐚 𝐧 𝐩𝐡𝐨 𝐧𝐠 𝐠𝐢𝐚𝐨 𝐝𝐢 𝐜𝐡 𝐜𝐡𝐮 𝐧𝐠 𝐭𝐨 𝐢 𝐜𝐨 𝐧 𝐡𝐨 𝐧 𝟏𝟎𝟎 𝐤𝐡𝐚 𝐜𝐡 𝐬𝐚 𝐧 𝐭𝐫𝐢𝐞 𝐮 đ𝐨 𝐩𝐡𝐚 𝐧 𝐤𝐡𝐮 𝐜 𝐭𝐮 𝟐 𝐬𝐚𝐨 đ𝐞 𝐧 𝟓 𝐬𝐚𝐨, 𝐭𝐚 𝐢 𝐜𝐡𝐢 𝐧𝐡 𝐭𝐮 𝟑𝟎 𝐭𝐲 đ𝐞 𝐧 𝟑𝟎𝟎𝟎 𝐭𝐲 𝐜𝐚 𝐧 𝐜𝐡𝐮𝐲𝐞 𝐧 𝐧𝐡𝐮 𝐨 𝐧𝐠 𝐯𝐨 𝐢 𝐦𝐮 𝐜 𝐠𝐢𝐚 𝐠𝐢𝐚 𝐦 𝐬𝐚 𝐮 𝐯𝐢 𝐝𝐢 𝐜𝐡 𝐜𝐨𝐯𝐢𝐝, 𝐩𝐡𝐚 𝐩 𝐥𝐲 𝐚𝐧 𝐭𝐨𝐚 𝐧, 𝐯𝐢 𝐭𝐫𝐢 đ𝐚 𝐜 đ𝐢 𝐚.𝐐𝐮𝐲 𝐧𝐡𝐚 đ𝐚 𝐮 𝐭𝐮 𝐡𝐚 𝐲 𝐥𝐢𝐞 𝐧 𝐡𝐞 𝐯𝐨 𝐢 𝐭𝐨 𝐢 𝐪𝐮𝐚 𝐒đ𝐓 𝐛𝐞 𝐧 𝐝𝐮 𝐨 𝐢 đ𝐞 đ𝐮 𝐨 𝐜 𝐤𝐞 𝐭 𝐧𝐨 𝐢 𝐭𝐡𝐮 𝐨 𝐧𝐠 𝐥𝐮 𝐨 𝐧𝐠 𝐥𝐚 𝐦 𝐯𝐢𝐞 𝐜 𝐯𝐨 𝐢 𝐜𝐡𝐮 đ𝐚 𝐮 𝐭𝐮 . 𝑋𝐸𝑀 𝑇𝐻𝐸 𝑀 𝑛ℎ𝑖𝑒 𝑢 𝑘ℎ𝑎 𝑐ℎ 𝑠𝑎 𝑛 𝑘ℎ𝑎 𝑐 𝑏𝑎 𝑛𝑔 𝑐𝑎 𝑐ℎ 𝐶𝐿𝐼𝐶𝐾 𝑣𝑎 𝑜 𝑥𝑒𝑚 𝑐𝑎 𝑐 𝑡𝑖𝑛 đ𝑎 𝑛𝑔 𝑘ℎ𝑎 𝑐𝐵𝑖𝑒 𝑡 𝑜 𝑛 𝑣𝑖 𝑡ℎ𝑜 𝑖 𝑔𝑖𝑎𝑛 𝑐𝑢 𝑎 𝑞𝑢𝑦 𝑛ℎ𝑎 đ𝑎 𝑢 𝑡𝑢 . 𝐇𝐚 𝐲 𝐠𝐨 𝐢 𝐜𝐡𝐨 𝐭𝐨 𝐢 𝐡𝐨𝐚 𝐜 𝐚𝐝𝐝 𝐙𝐚𝐥𝐨 𝐭𝐡𝐞𝐨 𝐒đ𝐓 𝐛𝐞 𝐧 𝐝𝐮 𝐨 𝐢 đ𝐞 𝐧𝐡𝐚 𝐧 đ𝐮 𝐨 𝐜 𝐩𝐡𝐚 𝐩 𝐥𝐲 đ𝐚 𝐲 đ𝐮 𝐜𝐮 𝐚 𝐤𝐡𝐚 𝐜𝐡 𝐬𝐚 𝐧 𝐯𝐚 đ𝐞 đ𝐮 𝐨 𝐜 𝐤𝐞 𝐭 𝐧𝐨 𝐢 𝐭𝐡𝐮 𝐨 𝐧𝐠 𝐥𝐮 𝐨 𝐧𝐠 𝐥𝐚 𝐦 𝐯𝐢𝐞 𝐜 𝐯𝐨 𝐢 𝐜𝐡𝐮 đ𝐚 𝐮 𝐭𝐮 . 𝐗𝐢𝐧 𝐦𝐢𝐞 𝐧 𝐭𝐢𝐞 𝐩 𝐭𝐫𝐮𝐧𝐠 𝐠𝐢𝐚𝐧.𝐓𝐫𝐚 𝐧 𝐭𝐫𝐨 𝐧𝐠.",B-LOAI_BDS I-LOAI_BDS I-LOAI_BDS I-LOAI_BDS O O O O O O O O O O O O O O B-GIA I-GIA I-GIA I-GIA O O O O O O O O O O B-DIEN_TICH O B-VI_TRI I-VI_TRI O O O O B-SO_TANG I-SO_TANG O O O O O O B-TIEN_ICH_KHAC I-TIEN_ICH_KHAC B-STHUONG_BCONG I-STHUONG_BCONG B-DICH_VU I-DICH_VU B-TIEN_ICH_KHAC I-TIEN_ICH_KHAC B-TIEN_ICH_KHAC O O O O B-NOI_THAT I-NOI_THAT I-NOI_THAT I-NOI_THAT I-NOI_THAT O O O O O O O O O O B-DICH_VU I-DICH_VU O O O O O O O O O O O O O O O O O O O O O O O O O O O O O O O O O O O O O O O O O O O O O O O O O O O O O O O O O O O O O O O O O O O O O O O O O O O O O O O O O O O O O O O O O O O O O O O O O O O O O O O O O O O O O O O O O O O O O O O O O O O O O O O O O O O O O O O O O O O O O O O O O O O O O O O O O O O O O O O O O O O O O O O O O O O O O O O O O O O O O O O O O O O O O O O O O O O O O O O O O O O O O O O O O O O O O O O O O O O O O O O O O O O O O O O O O O O O O O O O O O O O O O O O O O O O O O O O O O O O O O O O O O O O O O O O O O O O O O O O O O O O O O O O O O O O O O O O O O O O O O O O O O O O O O O O O O O O O O O O O O O O O O O O O O O O O O O
"vị trí đường lê đức thọ ( vệt harbour ville cao tầng ) tiềm năng tăng giá , hầm chui sông hàn được được duyệt , cảng tiên sa thành cảng du lịch... diện tích 1240m2 quy hoạch xây dựng cao tầng (23 tầng) giá bán 52 tỷ",O O O O O O O O O O O O O O O O O O O O B-DICH_VU O O O O O O O O O O O O O O B-DIEN_TICH O O O O O O B-SO_TANG I-SO_TANG O O B-GIA I-GIA
"bán đất 2 mặt tiền đường phan tôn khu an thượng, mỹ an, ngũ hành sơn diện tích 160.5m2 ( ngang 8m, dài 20m) đường 7m5, lề 4m và 5m5, lề 3m vị trí thuộc khu phố du lịch an thượng, nơi mà hầu hết các khách du lịch nước ngoài sẽ tập trung về đây để giải trí về đêm.giá bán đến công chứng 28 tỷ chuyên an thượng",B-LOAI_BDS I-LOAI_BDS B-VI_TRI I-VI_TRI I-VI_TRI B-DIA_CHI I-DIA_CHI I-DIA_CHI I-DIA_CHI I-DIA_CHI I-DIA_CHI I-DIA_CHI I-DIA_CHI I-DIA_CHI I-DIA_CHI I-DIA_CHI O O B-DIEN_TICH O B-CHIEU_RONG I-CHIEU_RONG B-CHIEU_DAI I-CHIEU_DAI B-DUONG_KIET I-DUONG_KIET B-VIA_HE I-VIA_HE I-VIA_HE I-VIA_HE B-VIA_HE I-VIA_HE O O O O O O O O O O O O O O O O O O O O O O O O O O O O O O O O O B-GIA I-GIA O O O
"cần bán gấp khách sạn đường phan liêm , tuyến đường tập trung nhiều khách sạn nhà hàng spa massage . các loại hình dv du lịch sầm uất nhất khu phố tâygần biển mỹ khê, mường thanh, holiday song song với đường nguyễn văn thoại kết nối trực tiếp sân bay quốc tế đà nẵng đường lớn 13.5 mét xe 45 chỗ ra vô quay đầu thoải mái diện tích đất 90m2 xây 7 tầng công năng 18 phòng khách sạn giấy tờ pháp lý đầy đủ giá bán 18.9 tỷ có thương lượng cho khách mua thiện chí",O O O B-DICH_VU I-DICH_VU O O O O O O O O O O O B-TIEN_ICH_KHAC I-TIEN_ICH_KHAC O O O O O O O O O B-KINH_DOANH I-KINH_DOANH O O O O B-DICH_VU O O O O O O O O O O O O O O O O B-DICH_VU I-DICH_VU O O O O B-DUONG_KIET I-DUONG_KIET I-DUONG_KIET I-DUONG_KIET O O O O O O O O O O O O B-DIEN_TICH O B-SO_TANG I-SO_TANG O O O B-TIEN_ICH_KHAC I-TIEN_ICH_KHAC O O O B-PHAP_LY I-PHAP_LY I-PHAP_LY I-PHAP_LY O O B-GIA I-GIA O O O O O O O O
"* thông tin mô tả vị trí mặt tiền đường võ nguyên giáp hoàng sa các lô đất mặt biển. hội tụ đầy đủ tiềm năng phát triển tại bờ biển đẹp nhất hành tinh. phù hợp với tất cả nhu cầu xây boutique, khách sạn * với nhiều loại diện tích phù hợp với nhu cầu của nhà đầu tư diện tích được nđt quan tâm nhiều 200m2 500m2. * danh sách cập nhật mới 1. lô ống 97m2 , 220 triệu/m22. block b2.5 , 5 lô, diện tích mỗi lô 100m2, giá 240 260tr/m23. block b2.7 , 2 lô, diện tích mỗi lô 113,5m2, giá 235tr/m24. block b2.8 , 4 lô, diện tích mỗi lô 107m2, giá 170 200tr/m2 * tiện ích lô đất thích hợp xây khách sạn cao tầng. trục đường biển cuối cùng của đà nẵng khu vực nhiều khách sạn cao tầng, nhà hàng, khách du lịch đông. giá trị thương mại cao. an ninh 24/24.",O O O O O O O B-VI_TRI I-VI_TRI O O O O O O O B-LOAI_BDS I-LOAI_BDS O B-DICH_VU O O O O O O O O O O B-DICH_VU O O O O O O O O O O B-DICH_VU O O O O O O O O O O O O O O O O O O O O O O O O O O O O O O O O O O O O O O O O O O O O B-CHIEU_RONG O O O O O B-DIEN_TICH O O O O O O O O O O O O O O O O O O O O O O O O O O O O O O O B-LOAI_BDS I-LOAI_BDS O O O B-DICH_VU I-DICH_VU O O O O B-DICH_VU O O O O O O O O B-DICH_VU I-DICH_VU O O B-DICH_VU I-DICH_VU O O O O O O O O O O O O
"bán khách sạn 5 * (tổng cục du lịch vn cấp phép) vị trí đắc địa mặt tiền biển 𝐕𝐨 𝐍𝐠𝐮𝐲𝐞 𝐧 𝐆𝐢𝐚 𝐩, đối diện 𝑩𝒂 𝒊 𝑻𝒂 𝒎 𝑷𝒉𝒂 𝒎 𝑽𝒂 𝒏 đ𝒐 𝒏𝒈 , 𝑴𝒚 𝑲𝒉𝒆 trang thiết bị 5 nhập khẩu châu âu 𝑫𝒊𝒆 𝒏 𝒕𝒊 𝒄𝒉 1000m2 , ngang 30m 𝑺𝒐 𝒕𝒂 𝒏𝒈 𝒔𝒐 𝒑𝒉𝒐 𝒏𝒈 xây 23 tầng , 170 phòng khách sạn cao cấp 𝑷𝒉𝒂 𝒑 𝒍𝒚 hoàn công đầy đủ 𝑮𝒊𝒂 𝒄𝒉𝒖𝒚𝒆 𝒏 𝒏𝒉𝒖 𝒐 𝒏𝒈 liên hệ trực tiếp cđt , chứng minh được tài chính mua 𝐂𝐇𝐔𝐘𝐄 𝐍 𝐌𝐔𝐀 𝐁𝐀 𝐍 𝐂𝐇𝐎 𝐓𝐇𝐔𝐄 𝐁đ𝐒 đ𝐀 𝐍𝐀 𝐍𝐆 𝐇𝐎 𝐈 𝐀𝐍 𝐍𝐇𝐀 𝐓𝐑𝐀𝐍𝐆 đ𝐀 𝐓 𝐁𝐈𝐄 𝐍, 𝐓𝐎𝐀 𝐊𝐇𝐀 𝐂𝐇 𝐒𝐀 𝐍, 𝐓𝐎𝐀 𝐂𝐀 𝐍 𝐇𝐎 quận sơn trà ngũ hành sơn, tp đà nẵng hỗ trợ xin giấy phép, hoàn công tài sản địa chỉ văn phòng số 48 phan liêm, phường mỹ an, quận ngũ hành sơn, đà nẵng 𝐇𝐨 𝐧 𝐭𝐡𝐞 𝐧𝐮 𝐚, 𝐕𝐚 𝐧 𝐩𝐡𝐨 𝐧𝐠 𝐠𝐢𝐚𝐨 𝐝𝐢 𝐜𝐡 𝐜𝐡𝐮 𝐧𝐠 𝐭𝐨 𝐢 𝐜𝐨 𝐧 𝐡𝐨 𝐧 𝟏𝟎𝟎 𝐤𝐡𝐚 𝐜𝐡 𝐬𝐚 𝐧 𝐭𝐫𝐢𝐞 𝐮 đ𝐨 𝐩𝐡𝐚 𝐧 𝐤𝐡𝐮 𝐜 𝐭𝐮 𝟐 𝐬𝐚𝐨 đ𝐞 𝐧 𝟓 𝐬𝐚𝐨, 𝐭𝐚 𝐢 𝐜𝐡𝐢 𝐧𝐡 𝐭𝐮 𝟑𝟎 𝐭𝐲 đ𝐞 𝐧 𝟑𝟎𝟎𝟎 𝐭𝐲 𝐜𝐚 𝐧 𝐜𝐡𝐮𝐲𝐞 𝐧 𝐧𝐡𝐮 𝐨 𝐧𝐠 𝐯𝐨 𝐢 𝐦𝐮 𝐜 𝐠𝐢𝐚 𝐠𝐢𝐚 𝐦 𝐬𝐚 𝐮 𝐯𝐢 𝐝𝐢 𝐜𝐡 𝐜𝐨𝐯𝐢𝐝, 𝐩𝐡𝐚 𝐩 𝐥𝐲 𝐚𝐧 𝐭𝐨𝐚 𝐧, 𝐯𝐢 𝐭𝐫𝐢 đ𝐚 𝐜 đ𝐢 𝐚.𝐐𝐮𝐲 𝐧𝐡𝐚 đ𝐚 𝐮 𝐭𝐮 𝐡𝐚 𝐲 𝐥𝐢𝐞 𝐧 𝐡𝐞 𝐯𝐨 𝐢 𝐭𝐨 𝐢 𝐪𝐮𝐚 𝐒đ𝐓 𝐛𝐞 𝐧 𝐝𝐮 𝐨 𝐢 đ𝐞 đ𝐮 𝐨 𝐜 𝐤𝐞 𝐭 𝐧𝐨 𝐢 𝐭𝐡𝐮 𝐨 𝐧𝐠 𝐥𝐮 𝐨 𝐧𝐠 𝐥𝐚 𝐦 𝐯𝐢𝐞 𝐜 𝐯𝐨 𝐢 𝐜𝐡𝐮 đ𝐚 𝐮 𝐭𝐮 . 𝑋𝐸𝑀 𝑇𝐻𝐸 𝑀 𝑛ℎ𝑖𝑒 𝑢 𝑘ℎ𝑎 𝑐ℎ 𝑠𝑎 𝑛 𝑘ℎ𝑎 𝑐 𝑏𝑎 𝑛𝑔 𝑐𝑎 𝑐ℎ 𝐶𝐿𝐼𝐶𝐾 𝑣𝑎 𝑜 𝑥𝑒𝑚 𝑐𝑎 𝑐 𝑡𝑖𝑛 đ𝑎 𝑛𝑔 𝑘ℎ𝑎 𝑐𝐵𝑖𝑒 𝑡 𝑜 𝑛 𝑣𝑖 𝑡ℎ𝑜 𝑖 𝑔𝑖𝑎𝑛 𝑐𝑢 𝑎 𝑞𝑢𝑦 𝑛ℎ𝑎 đ𝑎 𝑢 𝑡𝑢 . 𝐇𝐚 𝐲 𝐠𝐨 𝐢 𝐜𝐡𝐨 𝐭𝐨 𝐢 𝐡𝐨𝐚 𝐜 𝐚𝐝𝐝 𝐙𝐚𝐥𝐨 𝐭𝐡𝐞𝐨 𝐒đ𝐓 𝐛𝐞 𝐧 𝐝𝐮 𝐨 𝐢 đ𝐞 𝐧𝐡𝐚 𝐧 đ𝐮 𝐨 𝐜 𝐩𝐡𝐚 𝐩 𝐥𝐲 đ𝐚 𝐲 đ𝐮 𝐜𝐮 𝐚 𝐤𝐡𝐚 𝐜𝐡 𝐬𝐚 𝐧 𝐯𝐚 đ𝐞 đ𝐮 𝐨 𝐜 𝐤𝐞 𝐭 𝐧𝐨 𝐢 𝐭𝐡𝐮 𝐨 𝐧𝐠 𝐥𝐮 𝐨 𝐧𝐠 𝐥𝐚 𝐦 𝐯𝐢𝐞 𝐜 𝐯𝐨 𝐢 𝐜𝐡𝐮 đ𝐚 𝐮 𝐭𝐮 . 𝐗𝐢𝐧 𝐦𝐢𝐞 𝐧 𝐭𝐢𝐞 𝐩 𝐭𝐫𝐮𝐧𝐠 𝐠𝐢𝐚𝐧.𝐓𝐫𝐚 𝐧 𝐭𝐫𝐨 𝐧𝐠.",B-LOAI_BDS I-LOAI_BDS I-LOAI_BDS O O O O O O O O O O O O O B-VI_TRI I-VI_TRI B-DICH_VU O O O O O O O O O O O O O O O O O O O O O O O O O O O O O O O O O O O O O O O O O O O O O O O B-TIEN_ICH_KHAC I-TIEN_ICH_KHAC O O O O O O O O O O O O O O O O O O O O O O O O O O O O O O O O O O O O O O O O O O O O O O O O O O O O O O O O O O O O O O O O O O O O O O O O O O O O O O O O O O O O O O O O O O O O O O O O O O O O O O O O O O O O O O O O O O O O O O O O O O O O O O O O O O O O O O O O O O O O O O O O O O O O O O O O O O O O O O O O O O O O O O O O O O O O O O O O O O O O O O O O O O O O O O O O O O O O O O O O O O O O O O O O O O O O O O O O O O O O O O O O O O O O O O O O O O O O O O O O O O O O O O O O O O O O O O O O O O O O O O O O O O O O O O O O O O O O O O O O O O O O O O O O O O O O O O O O O O O O O O O O O O O O O O O O O O O O O O O O O O O O O O O O O O O O
"nhà 2mt đường phạm như xương bán nhà 2 mặt tiền đường phạm như xương liên chiểu đà nẵng dtđ 180m2 đường 7.5m nhà mặt tiền trước và sau đầy đủ công năng sử dụng hiện tại đang cho thuê kinh doanh phía trước còn phía sau gồm 4 phòng trọ có lối đi riêng biệt đang full phòng. vị trí gần trường đh sư phạm. khu đông dân cư, an ninh tốt, trục đường kinh doanh sầm uất. tiện ích xung quanh đầy đủ, gần trường học các cấp, siêu thị và chợ. vị trí đẹp để vừa ở và kinh doanh hoặc đầu tư sinh lời. giá 6,9 tỷ zalo o987 901 827",O O O O O O B-LOAI_BDS I-LOAI_BDS O B-VI_TRI I-VI_TRI B-DIA_CHI I-DIA_CHI I-DIA_CHI I-DIA_CHI I-DIA_CHI I-DIA_CHI I-DIA_CHI I-DIA_CHI O B-DIEN_TICH B-DUONG_KIET I-DUONG_KIET O O O O O O O O O O O O O O B-TINH_TRANG_KD I-TINH_TRANG_KD I-TINH_TRANG_KD I-TINH_TRANG_KD I-TINH_TRANG_KD O O O O O O O O O O O O O O O O O O O O B-DICH_VU O O O O B-DAN_CU I-DAN_CU I-DAN_CU B-AN_NINH I-AN_NINH I-AN_NINH O O B-KINH_DOANH I-KINH_DOANH I-KINH_DOANH I-KINH_DOANH O O O O O O O B-DICH_VU I-DICH_VU O O B-DICH_VU I-DICH_VU O B-DICH_VU O O O O B-TIEM_NANG I-TIEM_NANG I-TIEM_NANG I-TIEM_NANG I-TIEM_NANG I-TIEM_NANG I-TIEM_NANG I-TIEM_NANG I-TIEM_NANG I-TIEM_NANG O B-GIA I-GIA O O O O
"bán nhà gác lửng đúc đường nguyễn lương bằng, quận liên chiểu, tp đà nẵng dt 74m2 (nhà nở hậu đẹp) hướng tây nam đầy đủ công năng sử dụng vị trí mặt tiền kinh doanh buôn bán sầm uất, đường rộng 36m vỉa hè 5m, tiện ích xung quanh đầy đủ, gần bãi tắm biển và gần khu resort mikazuki của nhật bản. giá 3,65 tỷ zalo o987 901 827",B-LOAI_BDS I-LOAI_BDS O O O B-DIA_CHI I-DIA_CHI I-DIA_CHI I-DIA_CHI I-DIA_CHI I-DIA_CHI I-DIA_CHI I-DIA_CHI I-DIA_CHI I-DIA_CHI O B-DIEN_TICH O B-HINH_DANG_NHA I-HINH_DANG_NHA O B-HUONG_NHA I-HUONG_NHA I-HUONG_NHA O O O O O O O O B-VI_TRI I-VI_TRI O O B-KINH_DOANH I-KINH_DOANH I-KINH_DOANH I-KINH_DOANH B-DUONG_KIET I-DUONG_KIET I-DUONG_KIET B-VIA_HE I-VIA_HE I-VIA_HE O O O O O O O B-DICH_VU I-DICH_VU B-DICH_VU O O O O O O O O O B-GIA I-GIA O O O O
"bán nhà 3 tầng 3 mê kiệt ô tô thái thị bôi thanh khê. đà nẵng kiệt 4.5m cách đường 70m. ô tô vào tới nhà dt 50m2 (5.2 x 9.55m) dt sd 150m2 hướng nam ( thoáng mát ) vị trí trung tâm gần các trường đại học lớn, bệnh viện dt 50m2 (5,2 x 9,55)m tầng 1 phòng khách, bếp, wc, sân để xe tầng 2 2 phòng ngủ, wc riêng mỗi phòng tầng 3 1 phòng ngủ, phòng thờ, phòng phơi đồ riêng biệt giá 3,55 tỷ zalo o987 901 827",B-LOAI_BDS I-LOAI_BDS B-SO_TANG I-SO_TANG O O O O O O O O O O O O O O O O O O O O O O O B-DIEN_TICH B-CHIEU_RONG O B-CHIEU_DAI O O O B-HUONG_NHA I-HUONG_NHA O O O O O O B-DIA_DIEM I-DIA_DIEM O O B-DICH_VU B-DICH_VU I-DICH_VU O B-DICH_VU I-DICH_VU O O B-CHIEU_RONG O B-CHIEU_DAI O O B-TIEN_ICH_KHAC I-TIEN_ICH_KHAC B-TIEN_ICH_KHAC O B-KV_DE_XE I-KV_DE_XE I-KV_DE_XE O O B-SO_PHONG_NGU I-SO_PHONG_NGU I-SO_PHONG_NGU O O O O O O O O O B-TIEN_ICH_KHAC I-TIEN_ICH_KHAC B-TIEN_ICH_KHAC I-TIEN_ICH_KHAC I-TIEN_ICH_KHAC O O O B-GIA I-GIA O O O O
"bán đất lô góc 2 mặt tiền đường lê thạch, cẩm lệ, đà nẵng dtđ 180m2 (ngang 7,5m) đường 7,5m vỉa hè 4m hướng tây nam vị trí khu dân cư đông đúc, trục đường kinh doanh buôn bán sầm uất, vị trí đẹp vừa ở và kinh doanh khỏi bàn. nằm trên 2 trục đường 7,5m quá đẹp, thông thoáng, hiện đang cho thuê kinh doanh 15tr/tháng, giá 8,5 tỷ lh",B-LOAI_BDS I-LOAI_BDS O O B-VI_TRI I-VI_TRI I-VI_TRI B-DIA_CHI I-DIA_CHI I-DIA_CHI I-DIA_CHI I-DIA_CHI I-DIA_CHI I-DIA_CHI O B-DIEN_TICH B-CHIEU_RONG I-CHIEU_RONG B-DUONG_KIET I-DUONG_KIET B-VIA_HE I-VIA_HE I-VIA_HE B-HUONG_NHA I-HUONG_NHA I-HUONG_NHA O O B-DAN_CU I-DAN_CU I-DAN_CU I-DAN_CU I-DAN_CU O O O O B-KINH_DOANH I-KINH_DOANH I-KINH_DOANH I-KINH_DOANH O O O B-TIEM_NANG I-TIEM_NANG I-TIEM_NANG I-TIEM_NANG I-TIEM_NANG O O O O O O B-DUONG_KIET I-DUONG_KIET O O O O O B-TINH_TRANG_KD I-TINH_TRANG_KD I-TINH_TRANG_KD I-TINH_TRANG_KD I-TINH_TRANG_KD O O B-GIA I-GIA O
"bán đất đường phan triêm, hoà xuân, cẩm lệ, đà nẵng dt 103,3m2 (5 x 20,65)m block b1 154 đường 7,5m, vỉa hè 4m hướng đông bắc vị trí đối diện trung tâm thương mại, sát ngã tư võ chí công và đường 29/3. khu dân cư đông đúc, an ninh tốt. vị trí đẹp vừa ở và kinh doanh quá tuyệt vời. giá 3,29 tỷ lh",B-LOAI_BDS I-LOAI_BDS B-DIA_CHI I-DIA_CHI I-DIA_CHI I-DIA_CHI I-DIA_CHI I-DIA_CHI I-DIA_CHI I-DIA_CHI I-DIA_CHI O B-DIEN_TICH B-CHIEU_RONG O B-CHIEU_DAI O O O B-DUONG_KIET I-DUONG_KIET B-VIA_HE I-VIA_HE I-VIA_HE B-HUONG_NHA I-HUONG_NHA I-HUONG_NHA O O O O B-DICH_VU I-DICH_VU I-DICH_VU I-DICH_VU O O O O O O O O O B-DAN_CU I-DAN_CU I-DAN_CU I-DAN_CU I-DAN_CU B-AN_NINH I-AN_NINH I-AN_NINH O O O B-TIEM_NANG I-TIEM_NANG I-TIEM_NANG I-TIEM_NANG I-TIEM_NANG O O O O B-GIA I-GIA O
"nhà c4 kiệt ô tô nguyễn chánh bán nhà c4 kiệt ô tô đường nguyễn chánh hòa minh liên chiểu đà nẵng dt 103m2 (ngang 5m) kiệt ô tô 6m đậu trước nhà, kiệt thông trần đình tri đầy đủ công năng sử dụng. vị trí gần chợ, biển liên chiểu, trường học các cấp, khu đông dân cư, an ninh tốt, hàng xóm thân thiện, gần khu công nghiệp,.... giá 2,3 tỷ zalo o987 901 827",O O O O O O O B-LOAI_BDS I-LOAI_BDS O O O O B-DIA_CHI I-DIA_CHI I-DIA_CHI I-DIA_CHI I-DIA_CHI I-DIA_CHI I-DIA_CHI I-DIA_CHI I-DIA_CHI O B-DIEN_TICH B-CHIEU_RONG I-CHIEU_RONG B-DUONG_KIET I-DUONG_KIET I-DUONG_KIET I-DUONG_KIET O O O O O O O O O O O O O O O O O B-DICH_VU B-DICH_VU O O B-DICH_VU I-DICH_VU O O O B-DAN_CU I-DAN_CU I-DAN_CU B-AN_NINH I-AN_NINH I-AN_NINH O O O O O B-DICH_VU I-DICH_VU I-DICH_VU O B-GIA I-GIA O O O O
"bán nhà 3 tâng đường bàu năng 2 p. hòa minh q. liên chiểu đà nẵng dtđ 91m2 (5 x 18,2)m đường 5,5m công năng 3pn, 4wc, pk, pb, sân để xe, đê lại một số nội thất vị trí gần bến xe tt thành phố, gần ngã 4 hoàng thị loan, lý thái tông. khu phố toàn nhà cao tầng, dân trí cao, an ninh tốt, hành xóm thân thiện. tiện ích xung quanh đầy đủ. giá 4,5 tỷ lh",O B-LOAI_BDS B-SO_TANG I-SO_TANG B-DIA_CHI I-DIA_CHI I-DIA_CHI I-DIA_CHI I-DIA_CHI I-DIA_CHI I-DIA_CHI I-DIA_CHI I-DIA_CHI I-DIA_CHI I-DIA_CHI I-DIA_CHI O B-DIEN_TICH B-CHIEU_RONG O B-CHIEU_DAI B-DUONG_KIET I-DUONG_KIET O O B-SO_PHONG_NGU B-SO_TOILET B-TIEN_ICH_KHAC B-TIEN_ICH_KHAC B-KV_DE_XE I-KV_DE_XE I-KV_DE_XE B-NOI_THAT I-NOI_THAT I-NOI_THAT I-NOI_THAT I-NOI_THAT I-NOI_THAT O O O B-DICH_VU I-DICH_VU O O O O O O O O O O O O O O O O O O B-AN_NINH I-AN_NINH I-AN_NINH B-AN_NINH I-AN_NINH I-AN_NINH O O O O O O O O O O O B-GIA I-GIA O
"bán nhà 3 tầng full nội thất kiệt ô tô đường tô hiệu, p hòa minh, quận liên chiểu, đà nẵng diện tích 61m2 (4,45 x 13)m diện tích sàn 167m hướng đông bắc kiệt ô tô tải chạy vi vu vào đến nhà công năng gồm 3 phòng ngủ (có phòng ngủ tầng 1), 3 wc, phòng khách.pb, 1 sân để xe, pt, sân phơi nhà full nội thất cao cấp mới keng y hình, chống thấm kĩ càng. vị trí gần bến xe trung tâm và gần đường hoàng thị loan. đầy đủ tiện ích xung quanh. gần trường học các cấp, đhbk, đhsp giá 3,45 tỷ",B-LOAI_BDS I-LOAI_BDS B-SO_TANG I-SO_TANG B-NOI_THAT I-NOI_THAT I-NOI_THAT O O O B-DIA_CHI I-DIA_CHI I-DIA_CHI I-DIA_CHI I-DIA_CHI I-DIA_CHI I-DIA_CHI I-DIA_CHI I-DIA_CHI I-DIA_CHI I-DIA_CHI O O B-DIEN_TICH B-CHIEU_RONG O B-CHIEU_DAI O O O O B-HUONG_NHA I-HUONG_NHA I-HUONG_NHA O O O O O O O O O O O O O B-SO_PHONG_NGU I-SO_PHONG_NGU I-SO_PHONG_NGU O O O O O B-SO_TOILET I-SO_TOILET B-TIEN_ICH_KHAC I-TIEN_ICH_KHAC O B-KV_DE_XE I-KV_DE_XE I-KV_DE_XE O B-TIEN_ICH_KHAC I-TIEN_ICH_KHAC O B-NOI_THAT I-NOI_THAT I-NOI_THAT I-NOI_THAT I-NOI_THAT O O O O O O O O O O O B-DICH_VU I-DICH_VU B-DIA_DIEM I-DIA_DIEM O O O O O O B-TIEN_ICH_KHAC I-TIEN_ICH_KHAC I-TIEN_ICH_KHAC I-TIEN_ICH_KHAC O O O B-DICH_VU I-DICH_VU O O O O O B-GIA I-GIA
