,Mô tả,text_cleaned
0,"bán gấp nhà mặt tiền đường thân nhân trung, phường hòa khê, quận thanh khê vị trí gần ngay trường học , khu dân cư sinh sống và kinh doanh tấp nập- diện tích: 80 m2- ngang: 5 x 16 m- nhà thiết kế hiện đại gồm 3 tầng, 3 phòng ngủ, 4 wc , bếp , phòng khách.- đường trước nhà: 5.5 m, vỉa hè: 3 m+ cần tiền bán nhanh giá 5 tỷ 2.có thương lượng chính chủ đứng tên","bán gấp nhà mặt tiền đường thân nhân trung, phường hòa khê, quận thanh khê vị trí gần ngay trường học , khu dân cư sinh sống và kinh doanh tấp nập diện tích 80 m2 ngang 5 x 16 m nhà thiết kế hiện đại gồm 3 tầng, 3 phòng ngủ, 4 wc , bếp , phòng khách. đường trước nhà 5.5 m, vỉa hè 3 m cần tiền bán nhanh giá 5 tỷ 2. có thương lượng chính chủ đứng tên"
1,"thương lượng chính chủ đứng tên. nhà đẹp 3 tầng góc 2 mặt tiền 7m5 và 5m5 hồ sĩ tân giá rẻ- diện tích: 155m (6m x 24m). kết cấu nhà 3 tầng kiên cố, góc 2 mặt tiền đường 7m5 và 5m5. dọn vào ở ngay- vị trí: chỉ 2p đến cầu sông hàn và 5p ra biển. gần cửa sông cửa biển. đây cũng là nơi tp đà nẵng dự kiến triển khai công trình trọng điểm hầm chui qua sông hàn. kết nối khu vực đống đa tttp sang quận sơn trà. xung quanh tiện ích, công viên, trường học, chợ đầy đủ.+ gia đình cần bán nhanh: 7 tỷ 5 tl.thương lượng chính chủ đứng tên","thương lượng chính chủ đứng tên. nhà đẹp 3 tầng góc 2 mặt tiền 7m5 và 5m5 hồ sĩ tân giá rẻ diện tích 155m (6m x 24m). kết cấu nhà 3 tầng kiên cố, góc 2 mặt tiền đường 7m5 và 5m5. dọn vào ở ngay vị trí chỉ 2p đến cầu sông hàn và 5p ra biển. gần cửa sông cửa biển. đây cũng là nơi tp đà nẵng dự kiến triển khai công trình trọng điểm hầm chui qua sông hàn. kết nối khu vực đống đa tttp sang quận sơn trà. xung quanh tiện ích, công viên, trường học, chợ đầy đủ. gia đình cần bán nhanh 7 tỷ 5 tl. thương lượng chính chủ đứng tên"
2,"+ đường kinh dương vương, phường hòa minh, quận liên chiểu, đà nẵng+ diện tích đất : 198m² (9x22) đường 15m lề 5m+ vị trí đẹp tuyến đường chính quận liểu chiểu, khu vực kinh doanh buôn bán sầm uất đa ngành nghề, thích hợp kinh doanh các mặt hàng, gần nguyễn sinh sắc, biển nguyễn tất thành. phù hợp kh mua đầu tư xây dựng villa, căn hộ, khách sạn, cửa hàng.gia đình cần tiền mặt bán nhanh 12 tỷ 5.có thương lượng chính chủ đứng tên.","đường kinh dương vương, phường hòa minh, quận liên chiểu, đà nẵng diện tích đất 198m2 (9 x 22) đường 15m lề 5m vị trí đẹp tuyến đường chính quận liểu chiểu, khu vực kinh doanh buôn bán sầm uất đa ngành nghề, thích hợp kinh doanh các mặt hàng, gần nguyễn sinh sắc, biển nguyễn tất thành. phù hợp kh mua đầu tư xây dựng villa, căn hộ, khách sạn, cửa hàng. gia đình cần tiền mặt bán nhanh 12 tỷ 5. có thương lượng chính chủ đứng tên."
3,"+ bán nhà mặt tiền đầm rong 2 gần chợ đống đa và công viên đầm rong. khu vực sạch đẹp an sinh, tiện ích + dt 68m2 ngang 5m dài 14m+ kết cấu: 2 tầng đúc kiên cố, thiết kế đẹp, đầy đủ công năng ở ngaygia đình cần tiền mặt bán nhanh 6 tỷ 2.có thương lượng chính chủ đứng tên.","bán nhà mặt tiền đầm rong 2 gần chợ đống đa và công viên đầm rong. khu vực sạch đẹp an sinh, tiện ích dt 68m2 ngang 5m dài 14m kết cấu 2 tầng đúc kiên cố, thiết kế đẹp, đầy đủ công năng ở ngay gia đình cần tiền mặt bán nhanh 6 tỷ 2. có thương lượng chính chủ đứng tên."
4,"bán nhà đường mạc thị bưởi, phường hòa cường nam, quận hải châu.+ diện tích: 85.5m2 (4.5m x 19m). hướng đông. đường 5m5, lề 3m.+ kết cấu nhà 2 tầng gồm 3 phòng ngủ,, 2wc, phòng khách, bếp, phòng thờ…+ vị trí: trước mặt là trường cấp 1 lê đình chinh, cách metro 500m, cách công viên thanh niên 200m, cách chợ đầu mối 400m.gia đình cần tiền mặt bán nhanh 4 tỷ 9.có thương lượng chính chủ đứng tên.","bán nhà đường mạc thị bưởi, phường hòa cường nam, quận hải châu. diện tích 85.5m2 (4.5m x 19m). hướng đông. đường 5m5, lề 3m. kết cấu nhà 2 tầng gồm 3 phòng ngủ,, 2wc, phòng khách, bếp, phòng thờ... vị trí trước mặt là trường cấp 1 lê đình chinh, cách metro 500m, cách công viên thanh niên 200m, cách chợ đầu mối 400m. gia đình cần tiền mặt bán nhanh 4 tỷ 9. có thương lượng chính chủ đứng tên."
5,"+ bán lô đất 2 mặt kiệt ô tô hà bổng, p. phước mỹ, q. sơn trà, tp. đà nẵng.- dt: 243m² ngang 13.5m dài 17.5m.- vị trí thông hà bổng, hà chương, hồ nghinh, võ nguyễn giáp.- nơi tập trung khách sạn, nhà hàng cao cấp, dịch vụ giải trí đa dạng.- đông đúc khách du lịch tây, tàu, nhật, hàn.- thuận lợi xây căn hộ dv và các loại hình kinh doanh.- giá bán: 18 tỷ 9 còn thương lượng.chính chủ bán xem nhà và mua xin gọi qua sdt.","bán lô đất 2 mặt kiệt ô tô hà bổng, p. phước mỹ, q. sơn trà, tp. đà nẵng. dt 243m2 ngang 13.5m dài 17.5m. vị trí thông hà bổng, hà chương, hồ nghinh, võ nguyễn giáp. nơi tập trung khách sạn, nhà hàng cao cấp, dịch vụ giải trí đa dạng. đông đúc khách du lịch tây, tàu, nhật, hàn. thuận lợi xây căn hộ dv và các loại hình kinh doanh. giá bán 18 tỷ 9 còn thương lượng. chính chủ bán xem nhà và mua xin gọi qua sdt."
6,"+ hiện tôi đang muốn bán căn nhà 2 tầng mặt tiền yên khê 2 và yên khê 1, thanh khê.- khu dân cư đông đúc, nhộn nhịp ven sông phú lộc.- vị trí đẹp gần chợ hải sản, gần tuyến đường biển nguyễn tất thành và trường đại học thể dục thể thao, cao đẳng thương mại, trường mầm non hoa mai và các cấp. thuận lợi ở và kinh doanh.- diện tích sổ: 76.5m², mặt tiền: 4.5m, dài: 17.5m. nhà vuông đẹp.+ giá bán: 5 tỷ có thương lượng.* yên khê 1: 2 tầng 70m² (5.8mx13m) giá bán: 5 tỷ 4 còn thương lượng.+ sổ chính chủ sang tên 1 nốt nhạc.","hiện tôi đang muốn bán căn nhà 2 tầng mặt tiền yên khê 2 và yên khê 1, thanh khê. khu dân cư đông đúc, nhộn nhịp ven sông phú lộc. vị trí đẹp gần chợ hải sản, gần tuyến đường biển nguyễn tất thành và trường đại học thể dục thể thao, cao đẳng thương mại, trường mầm non hoa mai và các cấp. thuận lợi ở và kinh doanh. diện tích sổ 76.5m2, mặt tiền 4.5m, dài 17.5m. nhà vuông đẹp. giá bán 5 tỷ có thương lượng. * yên khê 1 2 tầng 70m2 (5.8m x 13m) giá bán 5 tỷ 4 còn thương lượng. sổ chính chủ sang tên 1 nốt nhạc."
7,"+ bán khách sạn đường tôn thất đạm, phường xuân hà, quận thanh khê, đà nẵng.+ dt: 90m2 (4.5x20). hướng đông. đường 10m5, lề 5m.+ khách sạn 5,5 tầng, 16 phòng. khách sạn thuộc tiêu chuẩn 2 sao. đầy đủ tiện nghi: có tháng máy, có chỗ giữ xe ô tô. nội thất cao cấp gồm: ti vi, máy điều hòa, máy tắm nước nóng, tủ lạnh mini bar,.... truyền hình cáp, wifi cáp quang tốc độ cao.+ nằm trong khu trung tâm, kinh doanh sầm uất, con đường khách sạn. cách biển 50m, cách nhà ga 500m, cách sân bay 1km.+  khách sạn đang hoạt động rất tốt, lượng khách đông đúc, ổn định kể cả ngày thường và đặc biệt công suất hoạt động phòng từ 80%- 100%. ngoài ra khách sạn không chỉ phục vục khách hàng bản địa mà còn tiếp cả du khách trong và ngoài nước.+ gia đình cần tiền bán gấp giá: 14,2 tỷ (tlcc)chính chủ bán, xem nhà và mua xin gọi qua số điện thoại.","bán khách sạn đường tôn thất đạm, phường xuân hà, quận thanh khê, đà nẵng. dt 90m2 (4.5 x 20). hướng đông. đường 10m5, lề 5m. khách sạn 5,5 tầng, 16 phòng. khách sạn thuộc tiêu chuẩn 2 sao. đầy đủ tiện nghi có tháng máy, có chỗ giữ xe ô tô. nội thất cao cấp gồm ti vi, máy điều hòa, máy tắm nước nóng, tủ lạnh mini bar,.... truyền hình cáp, wifi cáp quang tốc độ cao. nằm trong khu trung tâm, kinh doanh sầm uất, con đường khách sạn. cách biển 50m, cách nhà ga 500m, cách sân bay 1km. khách sạn đang hoạt động rất tốt, lượng khách đông đúc, ổn định kể cả ngày thường và đặc biệt công suất hoạt động phòng từ 80 100 . ngoài ra khách sạn không chỉ phục vục khách hàng bản địa mà còn tiếp cả du khách trong và ngoài nước. gia đình cần tiền bán gấp giá 14,2 tỷ (tlcc)chính chủ bán, xem nhà và mua xin gọi qua số điện thoại."
8,"+ bán nhà mặt tiền tiên sơn 5 , p. hòa cường nam, q. hải châu, tp. đà nẵng - dt: 64.2m² ngang 4m dài 16.06m, đường 4 lề 2m. - kết cấu: nhà cấp 4 gác đúc gồm 2 phòng ngủ, 2 wc.- vị trí gần sông, ngay trung tâm.- dân cư đông, văn minh, an ninh tốt, mát mẻ.- tiện ích đầy đủ: gần chợ, trường học các cấp, siêu thị….- thuận lợi ở hoặc cho thuê.- giá bán: 3 tỷ 850chính chủ gửi, xem nhà và mua xin gọi qua số điện thoại.","bán nhà mặt tiền tiên sơn 5 , p. hòa cường nam, q. hải châu, tp. đà nẵng dt 64.2m2 ngang 4m dài 16.06m, đường 4 lề 2m. kết cấu nhà cấp 4 gác đúc gồm 2 phòng ngủ, 2 wc. vị trí gần sông, ngay trung tâm. dân cư đông, văn minh, an ninh tốt, mát mẻ. tiện ích đầy đủ gần chợ, trường học các cấp, siêu thị.... thuận lợi ở hoặc cho thuê. giá bán 3 tỷ 850 chính chủ gửi, xem nhà và mua xin gọi qua số điện thoại."
9,"+ bán lô đôi mặt tiền vũ quỳnh, p. thanh khê tây, q. thanh khê, tp. đà nẵng - dt: 150m² ngang 10m dài 15m, đường 5m5 lề 3m, có bán lẻ từng lô 3 tỷ 8- vị trí gần biển, gần trung tâm, không khí mát mẻ- dân cư đông, văn minh, an ninh tốt- tiện ích đầy đủ: gần chợ, trường học các cấp, siêu thị….- thuận lợi kinh doanh hoặc cho thuê.- giá bán: 7 tỷ 5chính chủ bán xem nhà và mua xin gọi qua sdt","bán lô đôi mặt tiền vũ quỳnh, p. thanh khê tây, q. thanh khê, tp. đà nẵng dt 150m2 ngang 10m dài 15m, đường 5m5 lề 3m, có bán lẻ từng lô 3 tỷ 8 vị trí gần biển, gần trung tâm, không khí mát mẻ dân cư đông, văn minh, an ninh tốt tiện ích đầy đủ gần chợ, trường học các cấp, siêu thị.... thuận lợi kinh doanh hoặc cho thuê. giá bán 7 tỷ 5 chính chủ bán xem nhà và mua xin gọi qua sdt"
10,"+ bán nhà 2 tầng mặt tiền nguyễn chí diễu, p. an hải bắc, q. sơn trà, tp. đà nẵng - dt: 100m² ngang 5m dài 20m, đường 7m5 lề 4m- kết cấu: 2 tầng, 4 phòng ngủ, 2wc- vị trí đẹp, trục đường lớn, gần biển, gần sông.- tiện ích đầy đủ: cách chợ 30m, giao thông thuận lợi. an ninh tốt, xung quanh là trường học các cấp, siêu thị,…- khu dân cư đông đúc thuận lợi mua ở và buôn bán.- giá bán: 5 tỷ 6chính chủ bán xem nhà và mua xin gọi qua sdt","bán nhà 2 tầng mặt tiền nguyễn chí diễu, p. an hải bắc, q. sơn trà, tp. đà nẵng dt 100m2 ngang 5m dài 20m, đường 7m5 lề 4m kết cấu 2 tầng, 4 phòng ngủ, 2wc vị trí đẹp, trục đường lớn, gần biển, gần sông. tiện ích đầy đủ cách chợ 30m, giao thông thuận lợi. an ninh tốt, xung quanh là trường học các cấp, siêu thị,... khu dân cư đông đúc thuận lợi mua ở và buôn bán. giá bán 5 tỷ 6 chính chủ bán xem nhà và mua xin gọi qua sdt"
11,"+ bán nhà 2 tầng(10x15m) khu biệt thự sinh thái gần sông, biển mặt tiền phan bá vành - dt: 150m² ngang 10m dài 15m, đường 10m5 vỉa hè 4m- kết cấu: nhà 2 tầng, 3 phòng ngủ- vị trí đẹp, gần kề khu tổ hợp nhà phố marina, bến du thuyền sông hàn, khu biệt thự sinh thái habour ville.- tiện ích đầy đủ: gần chợ, trường học các cấp, siêu thị.- thích hợp xây biệt thự, căn hộ cho thuê- giá bán: 7 tỷ - liên hệ: xem nhà và thương lượng","bán nhà 2 tầng (10 x 15m) khu biệt thự sinh thái gần sông, biển mặt tiền phan bá vành dt 150m2 ngang 10m dài 15m, đường 10m5 vỉa hè 4m kết cấu nhà 2 tầng, 3 phòng ngủ vị trí đẹp, gần kề khu tổ hợp nhà phố marina, bến du thuyền sông hàn, khu biệt thự sinh thái habour ville. tiện ích đầy đủ gần chợ, trường học các cấp, siêu thị. thích hợp xây biệt thự, căn hộ cho thuê giá bán 7 tỷ liên hệ xem nhà và thương lượng"
12,"+ bán nhà 3 tầng mặt tiền bùi hữu nghĩa, p. phước mỹ, q. sơn trà, tp. đà nẵng - dt: 65.6m² ngang 4.10m dài 16m- kết cấu: nhà 4 phòng ngủ, 3 toilet, 1 phòng khách, 1 phòng thờ, 1 sân phơi, 1 bếp- vị trí gần sông hàn, công viên biển đông, biển mỹ khê- tấp nập khách du lịch trong và ngoài nước- khu kinh doanh khách sạn, nhà hàng sầm uất nhất đà nẵng. - tiện ích đầy đủ: gần chợ, trường học các cấp, siêu thị.- thuận lợi ở và kinh doanh dịch vụ lưu trú. - giá bán: 5 tỷ 2chính chủ bán, xem nhà và mua xin gọi qua số điện thoại.","bán nhà 3 tầng mặt tiền bùi hữu nghĩa, p. phước mỹ, q. sơn trà, tp. đà nẵng dt 65.6m2 ngang 4.10m dài 16m kết cấu nhà 4 phòng ngủ, 3 toilet, 1 phòng khách, 1 phòng thờ, 1 sân phơi, 1 bếp vị trí gần sông hàn, công viên biển đông, biển mỹ khê tấp nập khách du lịch trong và ngoài nước khu kinh doanh khách sạn, nhà hàng sầm uất nhất đà nẵng. tiện ích đầy đủ gần chợ, trường học các cấp, siêu thị. thuận lợi ở và kinh doanh dịch vụ lưu trú. giá bán 5 tỷ 2 chính chủ bán, xem nhà và mua xin gọi qua số điện thoại."
13,"- bán nhà mặt tiền hồ tông thốc, phường hòa cường bắc, quận hải châu, đà nẵng + dt: 92.5m² (5x18.5m).+ vị trí: nằm trong khu dân cư yên tĩnh, cách đường ỷ lan nguyên phi 60m về hướng nam. nhiều tiện ích xung quanh: cách chợ nguyễn tri phương chỉ 2 phút đi xe máy, cách bệnh viện quốc tế vinmec 200m. + giá bán: 5 tỷ 6chính chủ gửi, xem nhà và mua xin gọi qua số điện thoại.","bán nhà mặt tiền hồ tông thốc, phường hòa cường bắc, quận hải châu, đà nẵng dt 92.5m2 (5 x 18.5m). vị trí nằm trong khu dân cư yên tĩnh, cách đường ỷ lan nguyên phi 60m về hướng nam. nhiều tiện ích xung quanh cách chợ nguyễn tri phương chỉ 2 phút đi xe máy, cách bệnh viện quốc tế vinmec 200m. giá bán 5 tỷ 6 chính chủ gửi, xem nhà và mua xin gọi qua số điện thoại."
14,"+  bán nhà mặt tiền đường 2/9, quận hải châu gần chợ đêm helio, công viên châu á sunworld..+ dt đất : 560m². + vị trí đẹp đắc địa, khu đất là trung tâm kết nối đến các tiện ích trong bán kính 1km: siêu thị lotte mart, nhà thi đấu thể thao, clb bơi lội, công viên châu á, hệ thống trường quốc tế skyline... vị trí thuận lợi cho thuê hoặc kinh doanh văn phòng, quán cafe, nhà hàng, khách sạn.+ giá bán chính chủ: 29,5 tỷ","bán nhà mặt tiền đường 2/9, quận hải châu gần chợ đêm helio, công viên châu á sunworld.. dt đất 560m2. vị trí đẹp đắc địa, khu đất là trung tâm kết nối đến các tiện ích trong bán kính 1km siêu thị lotte mart, nhà thi đấu thể thao, clb bơi lội, công viên châu á, hệ thống trường quốc tế skyline... vị trí thuận lợi cho thuê hoặc kinh doanh văn phòng, quán cafe, nhà hàng, khách sạn. giá bán chính chủ 29,5 tỷ"
15,"- đường ngô thị liễu, phường hòa cường bắc, quận hải châu, đà nẵng.- diện tích: 82,5m² (5m x 16,5m).- hướng tây.- nhà công năng gồm: 3 phòng ngủ, wc, phòng shc, sân phơi, sân xe.- vị trí trung tâm gần chợ, siêu thị, trường học, gần đoạn hàn thuyên và 30/4 khu vực an ninh, hàng xóm thân thiện, dân cư đông đúc.- giá: 5 tỷ 1 có thương lượng.chính chủ bán xem nhà và mua vui lòng gọi qua sdt.","đường ngô thị liễu, phường hòa cường bắc, quận hải châu, đà nẵng. diện tích 82,5m2 (5m x 16,5m). hướng tây. nhà công năng gồm 3 phòng ngủ, wc, phòng shc, sân phơi, sân xe. vị trí trung tâm gần chợ, siêu thị, trường học, gần đoạn hàn thuyên và 30/4 khu vực an ninh, hàng xóm thân thiện, dân cư đông đúc. giá 5 tỷ 1 có thương lượng. chính chủ bán xem nhà và mua vui lòng gọi qua sdt."
16,"+ diện tích : 136m2(5,3m x 25m). nhà 2 tầng+ vị trí : đường 10,5m lề 5m. gần quảng trường 2 tháng 9 và đường 30-4, công viên châu á-asia park, trung tâm giải trí helio và siêu thị lotte mart. khu vực đông đúc  kinh doanh buôn bán nhộn nhịp. thích hợp khách mua ở kết hợp kinh doanh đa ngành nghề.+ giá bán : 12 tỷ ( thương lượng chính chủ )","diện tích 136m2 (5,3m x 25m). nhà 2 tầng vị trí đường 10,5m lề 5m. gần quảng trường 2 tháng 9 và đường 30 4, công viên châu á asia park, trung tâm giải trí helio và siêu thị lotte mart. khu vực đông đúc kinh doanh buôn bán nhộn nhịp. thích hợp khách mua ở kết hợp kinh doanh đa ngành nghề. giá bán 12 tỷ ( thương lượng chính chủ )"
17,"chính chủ gửi, xem nhà và mua gọi qua số điện thoại.vị trí:- trục đường sầm uất đường hà huy tập (10.5m).- cách điện biên phủ 100m, cách biển nguyễn tất thành 400m.- bán kính 1.5km đầy đủ trường, chợ, siêu thị, bệnh viện, sân bay.thông tin.- dt: 310m². diện tích: 310m² (10x23m nở hậu lớn 20m)- hiện tại đang có nhà 3 tầng.- tầng 1 + tầng 2 làm quán cafe sân vườn rất đẹp.nay vì quá kẹt tiền nên muốn nhượng lại người thiện chí.với vị trí đắc địa và diện tích cực rộng dễ kinh doanh tất cả mặt hàng. đặc biệt có thể kinh doanh cafe + nhà hàng ở tầng 1 - 2. xây thêm căn hộ ở trên để khai thác dòng tiền vì xung quanh là trục đường cơ quan + công ty lớn, nhu cầu rất cao.","chính chủ gửi, xem nhà và mua gọi qua số điện thoại. vị trí trục đường sầm uất đường hà huy tập (10.5m). cách điện biên phủ 100m, cách biển nguyễn tất thành 400m. bán kính 1.5km đầy đủ trường, chợ, siêu thị, bệnh viện, sân bay.thông tin. dt 310m2. diện tích 310m2 (10 x 23m nở hậu lớn 20m) hiện tại đang có nhà 3 tầng. tầng 1 tầng 2 làm quán cafe sân vườn rất đẹp.nay vì quá kẹt tiền nên muốn nhượng lại người thiện chí. với vị trí đắc địa và diện tích cực rộng dễ kinh doanh tất cả mặt hàng. đặc biệt có thể kinh doanh cafe nhà hàng ở tầng 1 2. xây thêm căn hộ ở trên để khai thác dòng tiền vì xung quanh là trục đường cơ quan công ty lớn, nhu cầu rất cao."
18,"bán nhà mặt tiền hùng vương, phường hải châu 2, quận hải châu. 69m² giá 12,5 tỷ tl.dt: 69m² (4 x 17m) đông tứ trạch.nhà cấp 4, vị trí trung tâm trung tâm kinh doanh cực sầm uất, ngay nhà hát trưng vương, trường đại học kỹ thuật y - dược đà nẵng, gần đường ngô gia tự, nguyễn thị minh khai. đầy đủ các tiện ích. phù hợp kh mua kinh doanh.giá 11.5 tỷ có tl.quan tâm vui lòng liên hệ qua sdt","bán nhà mặt tiền hùng vương, phường hải châu 2, quận hải châu. 69m2 giá 12,5 tỷ tl. dt 69m2 (4 x 17m) đông tứ trạch. nhà cấp 4, vị trí trung tâm trung tâm kinh doanh cực sầm uất, ngay nhà hát trưng vương, trường đại học kỹ thuật y dược đà nẵng, gần đường ngô gia tự, nguyễn thị minh khai. đầy đủ các tiện ích. phù hợp kh mua kinh doanh. giá 11.5 tỷ có tl. quan tâm vui lòng liên hệ qua sdt"
19,"+ bán nhà mặt tiền cao bá quát sát bên chợ, ngay cầu rồng, cầu tình yêu, chợ đêm an hải tây, quận sơn trà, đà nẵng.- diện tích đất: 4.4*14.5m= 64m². đường 5m5, lề 3m- vị trí: cạnh chợ hà thân, đối lưng đường trần hưng đạo, đi bộ 5p là ra tới cầu tình yêu, cầu rồng, ngay trung tâm thành phố ra biển về phố đều thuận tiện, con đường kinh doanh buôn bán- phù hợp mua đầu tư, an cư sinh sống, xây nhà nghỉ homestay,.- giá bán chính chủ chỉ 5 tỷ 1","bán nhà mặt tiền cao bá quát sát bên chợ, ngay cầu rồng, cầu tình yêu, chợ đêm an hải tây, quận sơn trà, đà nẵng. diện tích đất 4.4 * 14.5m 64m2. đường 5m5, lề 3m vị trí cạnh chợ hà thân, đối lưng đường trần hưng đạo, đi bộ 5p là ra tới cầu tình yêu, cầu rồng, ngay trung tâm thành phố ra biển về phố đều thuận tiện, con đường kinh doanh buôn bán phù hợp mua đầu tư, an cư sinh sống, xây nhà nghỉ homestay,. giá bán chính chủ chỉ 5 tỷ 1"
20,"bán nhà 4 tầng mặt tiền điện biên phủ, chính gián, thanh khê.+ diện tích: 93m² (5.33m x 16m). kết cấu 4 tầng xây kiên cố, thiết kế đẹp.+ vị trí: đoạn đẹp nhất đường điện biên phủ, lưu lượng, mật độ đông đúc. khu vực gần ngay siêu thị nguyễn kim, cách ngã tư điện biên phủ - lê duẩn chỉ 100m nên rất thuận lợi cho khách hàng mua để vừa ở vừa kinh doanh.+ giá bán: 15 tỷ còn tl.quan tâm vui lòng liên hệ qua sđt thương lượng chính chủ.","bán nhà 4 tầng mặt tiền điện biên phủ, chính gián, thanh khê. diện tích 93m2 (5.33m x 16m). kết cấu 4 tầng xây kiên cố, thiết kế đẹp. vị trí đoạn đẹp nhất đường điện biên phủ, lưu lượng, mật độ đông đúc. khu vực gần ngay siêu thị nguyễn kim, cách ngã tư điện biên phủ lê duẩn chỉ 100m nên rất thuận lợi cho khách hàng mua để vừa ở vừa kinh doanh. giá bán 15 tỷ còn tl.quan tâm vui lòng liên hệ qua sđt thương lượng chính chủ."
21,"- diện tích: 4.5m x 20m (90m²).- kết cấu: nhà full nội thất đang cho thuê kinh doanh, thu nhập ổn định.- vị trí đẹp trong khu an thượng, nơi tập trung nhiều khách du lịch trong và ngoài nước, dịch vụ giải trí đa dạng... thích hợp mua đầu tư hoặc vào vận hành ngay.giá: 13 tỷ 45.mọi chi tiết vui lòng liên hệ qua sdt.","diện tích 4.5m x 20m (90m2). kết cấu nhà full nội thất đang cho thuê kinh doanh, thu nhập ổn định. vị trí đẹp trong khu an thượng, nơi tập trung nhiều khách du lịch trong và ngoài nước, dịch vụ giải trí đa dạng... thích hợp mua đầu tư hoặc vào vận hành ngay. giá 13 tỷ 45. mọi chi tiết vui lòng liên hệ qua sdt."
22,"- diện tích: 100m² (5m x 20m). kết cấu nhà 3 tầng gồm 4 pn, 5 wc, nhà thiết kế hiện đại.- vị trí: cách biển nguyễn tất thành chỉ vài chục mét nên rất thoáng mát, giao thông thuận tiện, gần chợ, trường mẫu giáo, trường cấp 1 - 2 - 3, trường đại học - cao đẳng trong bán kính 300m.thích hợp mua vừa ở vừa kinh doanh hoặc làm văn phòng công ty - spa & nail - salon tóc - đại lý phân phối - trung tâm anh ngữ (giáo dục) - karaoke - khách sạn,... thiết kế mở nên kinh doanh gì cũng tiện.- giá bán: 9 tỷ tl.quan tâm xem nhà và mua vui lòng liên hệ qua sdt.","diện tích 100m2 (5m x 20m). kết cấu nhà 3 tầng gồm 4 pn, 5 wc, nhà thiết kế hiện đại. vị trí cách biển nguyễn tất thành chỉ vài chục mét nên rất thoáng mát, giao thông thuận tiện, gần chợ, trường mẫu giáo, trường cấp 1 2 3, trường đại học cao đẳng trong bán kính 300m. thích hợp mua vừa ở vừa kinh doanh hoặc làm văn phòng công ty spa nail salon tóc đại lý phân phối trung tâm anh ngữ (giáo dục) karaoke khách sạn,... thiết kế mở nên kinh doanh gì cũng tiện. giá bán 9 tỷ tl. quan tâm xem nhà và mua vui lòng liên hệ qua sdt."
23,"bán nhà 3 tầng kiệt ô tô 6m trần đức thảo, hoà cường nam, hải châu- diện tích đất:  56 m2 (4.05x14)- hướng: đông nam- nhà 3 tầng mới, kiên cố gồm 4 pn, 3 wc, phòng khách, bếp- vị trí trung tâm, đầy đủ tiện nghi , cách đường chính chỉ 40m- giá bán đến công chứng: 4.5tỷ (có thương lượng)- lh:","bán nhà 3 tầng kiệt ô tô 6m trần đức thảo, hoà cường nam, hải châu diện tích đất 56 m2 (4.05 x 14) hướng đông nam nhà 3 tầng mới, kiên cố gồm 4 pn, 3 wc, phòng khách, bếp vị trí trung tâm, đầy đủ tiện nghi , cách đường chính chỉ 40m giá bán đến công chứng 4.5tỷ (có thương lượng) lh"
24,"bán nhà đẹp 2 tầng mặt tiền đường đa mặn, khu nam việt á, khuê mỹ, nhs- dt đất 81m2 (4,5x18m) - lô kẹp cống- hướng: đông nam- nhà đẹp 2 mê gồm 3 phòng ngủ, 3wc. phòng khách và bếp rộng, phòng phơi giặt. nhà mới, thiết kế đẹp, hiện đại, sang trọng. sân thượng đổ mê. để lại toàn bộ nội thất mới đẹp y hình.- vị trí: đường 5m5 lề 3m, gần đoàn khuê và bùi tá hán, khu dân cư yên tĩnh, mát mẻ.- giá bán : 4,850 tỷ","bán nhà đẹp 2 tầng mặt tiền đường đa mặn, khu nam việt á, khuê mỹ, nhs dt đất 81m2 (4,5 x 18m) lô kẹp cống hướng đông nam nhà đẹp 2 mê gồm 3 phòng ngủ, 3wc. phòng khách và bếp rộng, phòng phơi giặt. nhà mới, thiết kế đẹp, hiện đại, sang trọng. sân thượng đổ mê. để lại toàn bộ nội thất mới đẹp y hình. vị trí đường 5m5 lề 3m, gần đoàn khuê và bùi tá hán, khu dân cư yên tĩnh, mát mẻ. giá bán 4,850 tỷ"
25,"bán lô đất đường mỹ đa tây 11, gần trần hữu độ,khu nam việt á gđ1, khuê mỹ, ngũ hành sơn- giá rẻ - diện tích: 95m2(5x19m)- hướng chính tây.- vị trí: đường 5m5, trục thông, ngay phía sau đsq trung quốc, thuộc khu đô thị nam việt á gđ1, tuyến đường đẹp, khu dân cư đông đúc, nhà cửa khang trang, dân trí cao, an ninh cực tốt. thích hợp nhu cầu định cư lâu dài.- giá bán đến công chứng: 3.4 tỷ tl.","bán lô đất đường mỹ đa tây 11, gần trần hữu độ,khu nam việt á gđ1, khuê mỹ, ngũ hành sơn giá rẻ diện tích 95m2 (5 x 19m) hướng chính tây. vị trí đường 5m5, trục thông, ngay phía sau đsq trung quốc, thuộc khu đô thị nam việt á gđ1, tuyến đường đẹp, khu dân cư đông đúc, nhà cửa khang trang, dân trí cao, an ninh cực tốt. thích hợp nhu cầu định cư lâu dài. giá bán đến công chứng 3.4 tỷ tl."
26,"bán nhà 5 tầng đường 7.5m hoàng đức lương. gần cầu sông hàn. an hải bắc. sơn trà.- vị trí: gần đường phạm văn đồng, gần cầu sông hàn, siêu thị vincom. khu dân trí cao, sầm uất, tiện ích đầy đủ.- diện tích: 100m2 (5m*20m). đường 7.5m, lề 4.5m. hướng: đông nam- nhà 5 tầng gồm tầng hầm để xe, 8 phòng căn hộ, 9wc, pk, sân phơi.- giá bán đến công chứng: 8.5tỷ","bán nhà 5 tầng đường 7.5m hoàng đức lương. gần cầu sông hàn. an hải bắc. sơn trà. vị trí gần đường phạm văn đồng, gần cầu sông hàn, siêu thị vincom. khu dân trí cao, sầm uất, tiện ích đầy đủ. diện tích 100m2 (5m * 20m). đường 7.5m, lề 4.5m. hướng đông nam nhà 5 tầng gồm tầng hầm để xe, 8 phòng căn hộ, 9wc, pk, sân phơi. giá bán đến công chứng 8.5tỷ"
27,"bán tòa căn hộ 5 tầng đẹp gần biển mỹ khê mặt tiền đường lê ninh- phường an hải bắc, sơn trà, đà nẵng.- diện tích : 88,6m2, ( 4,5x19,67), đường 5m5 vỉa hè 3m. hướng đông nam mát mẻ- công năng: tòa căn hộ có 5 tầng, có 7 phòng căn hộ khép kín, phòng khách, phòng bếp, 7wc, sân phơi, sân thượng, sân đậu oto, full nội thất đầy đủ phòng tắm, bếp, tủ, tivi, sofa trong từng phòng. có thể tách ra cho thuê từng phòng. đang cho thuê giá mùa dịch doanh thu được 35tr/ tháng.-xây từ năm 2016 tình trạng nhà còn mới đẹp.-khu vực tập trung nhiều khách du lịch, nhiều khách sạn và nhà hàng, dân trí cao và an ninh.-5 phút ra biển mỹ khê, 5 phút tới cầu sông hàn và vincom .- gía bán đến công chứng: 10,9 tỷ có thương lượng.","bán tòa căn hộ 5 tầng đẹp gần biển mỹ khê mặt tiền đường lê ninh phường an hải bắc, sơn trà, đà nẵng. diện tích 88,6m2, ( 4,5 x 19,67), đường 5m5 vỉa hè 3m. hướng đông nam mát mẻ công năng tòa căn hộ có 5 tầng, có 7 phòng căn hộ khép kín, phòng khách, phòng bếp, 7wc, sân phơi, sân thượng, sân đậu oto, full nội thất đầy đủ phòng tắm, bếp, tủ, tivi, sofa trong từng phòng. có thể tách ra cho thuê từng phòng. đang cho thuê giá mùa dịch doanh thu được 35tr/ tháng. xây từ năm 2016 tình trạng nhà còn mới đẹp. khu vực tập trung nhiều khách du lịch, nhiều khách sạn và nhà hàng, dân trí cao và an ninh. 5 phút ra biển mỹ khê, 5 phút tới cầu sông hàn và vincom . gía bán đến công chứng 10,9 tỷ có thương lượng."
28,"bán nhà 3 tầng đẹp mt đường ngô huy diễn, đảo vip hòa xuân, cẩm lệ- diện tích đất : 112,5 m2 (5x22,5)- hướng tây nam- nhà 3 tầng mới đẹp gồm : 3pn, 4wc, phòng khách, bếp, shc, phòng thờ, sân phơi - vị trí đẹp mt đường ngô huy diễn, đường 7m5 lề 3m. đất sạch đẹp không cống,trụ, tuyến đường đẹp, dân cư văn minh - giá bán đến công chứng: 6,7 tỷ có thương lượng","bán nhà 3 tầng đẹp mt đường ngô huy diễn, đảo vip hòa xuân, cẩm lệ diện tích đất 112,5 m2 (5 x 22,5) hướng tây nam nhà 3 tầng mới đẹp gồm 3pn, 4wc, phòng khách, bếp, shc, phòng thờ, sân phơi vị trí đẹp mt đường ngô huy diễn, đường 7m5 lề 3m. đất sạch đẹp không cống,trụ, tuyến đường đẹp, dân cư văn minh giá bán đến công chứng 6,7 tỷ có thương lượng"
29,"bán nhà 4 tầng mặt tiền đường lưu trọng lư, phường hoà cường nam, quận hải châu.- diện tích: 70 (4mx17.5m).- hướng: tây bắc- đường rộng 5.5m, vỉa hè 3m- công năng: nhà 4 tầng, gồm 4 phòng ngủ, 4wc, phòng khách, phòng thờ, gara để xe, phòng giặt, sân phơi , để lại toàn bộ nội thất - vị trí: ngay sau lưng dãy biệt thự thăng long, gần siêu thị lotte mart, khu vực gồm nhiều trường học các cấp tiện ích đầy đủ. thích hợp mua ở hoặc cho thuê – gía bán đến công chứng: 5,7 tỷ (có thương lượng )-","bán nhà 4 tầng mặt tiền đường lưu trọng lư, phường hoà cường nam, quận hải châu. diện tích 70 (4m x 17.5m). hướng tây bắc đường rộng 5.5m, vỉa hè 3m công năng nhà 4 tầng, gồm 4 phòng ngủ, 4wc, phòng khách, phòng thờ, gara để xe, phòng giặt, sân phơi , để lại toàn bộ nội thất vị trí ngay sau lưng dãy biệt thự thăng long, gần siêu thị lotte mart, khu vực gồm nhiều trường học các cấp tiện ích đầy đủ. thích hợp mua ở hoặc cho thuê gía bán đến công chứng 5,7 tỷ (có thương lượng )"
30,"bán nhà 3 tầng mt nguyễn đình chiểu, khuê mỹ, ngũ hành sơn, đà nẵng- diện tích: 127.7m2(4.76x25m), - hướng bắc lệch tây- đường 7.5m lề 3mnhà 3 tầng gồm: -tầng 1: bếp, pk, wc, -tầng 2: 2 pn khép kín full nội thất-tầng 3: 4 phòng trọ có điều hoà, rộng rãi sạch sẽ thu nhập 10tr/tháng.-vị trí: mt nguyễn đình chiểu gần sát bùi tá hán, dân cư dân trí, tiện ích đầy đủ. sát trường thpt hermann thích hợp mua ở kết hợp cho thuê, mua cho thuê…-giá bán đến công chứng: 5,4tỷ (có bớt)l","bán nhà 3 tầng mt nguyễn đình chiểu, khuê mỹ, ngũ hành sơn, đà nẵng diện tích 127.7m2 (4.76 x 25m), hướng bắc lệch tây đường 7.5m lề 3m nhà 3 tầng gồm tầng 1 bếp, pk, wc, tầng 2 2 pn khép kín full nội thất tầng 3 4 phòng trọ có điều hoà, rộng rãi sạch sẽ thu nhập 10tr/tháng. vị trí mt nguyễn đình chiểu gần sát bùi tá hán, dân cư dân trí, tiện ích đầy đủ. sát trường thpt hermann thích hợp mua ở kết hợp cho thuê, mua cho thuê... giá bán đến công chứng 5,4tỷ (có bớt)l"
31,"bán nhà 3 tầng mới đẹp đường 5m5 mỹ đa tây - khu nam việt á, khuê mỹ ,ngũ hành sơn - dt: 95 m2 (5x19 ) dts: 270m2- hướng: tây, đường: 5m - nhà 3 tầng mới đẹp thiết kế hiện đại, sang trọng, full nội thất gồm: 3pn, 3wc, phòng khách, bếp, gara ô tô, sân thượng - vị trí: mt đường mỹ đa tây 11, đường 5m5, lề 1m. khu an ninh tốt, dân tri thức cao, gần chợ, gần trường học, tiện ích đầy đủ.- giá bán đến công chứng: 4,9 tỷ( có thương lượng)-","bán nhà 3 tầng mới đẹp đường 5m5 mỹ đa tây khu nam việt á, khuê mỹ ,ngũ hành sơn dt 95 m2 (5 x 19 ) dts 270m2 hướng tây, đường 5m nhà 3 tầng mới đẹp thiết kế hiện đại, sang trọng, full nội thất gồm 3pn, 3wc, phòng khách, bếp, gara ô tô, sân thượng vị trí mt đường mỹ đa tây 11, đường 5m5, lề 1m. khu an ninh tốt, dân tri thức cao, gần chợ, gần trường học, tiện ích đầy đủ. giá bán đến công chứng 4,9 tỷ ( có thương lượng)"
32,"bán nhà đẹp 2 tầng mt đường mạc cửu - kđt nam việt á, khuê mỹ, ngũ hành sơn - dt: 100m2 (5×20)- hướng đông nam, mát mẻ- nhà 2 tầng, gồm 2pn, 3wc, phòng khách, bếp, sân trước rộng để ô tô, nhà thiết kế đẹp, hiện đại. nhà móng băng có thể thể xây lên 3-4 tầng.- vị trí mt đường 7m5 mạc cửu, gần sông hàn, tuyến đường đẹp, dân cư văn minh, gần đsq hàn quốc, khu yên tĩnh, bình an, phù hợp mua ở gia đình.- giá bán bán đến cc: 5,8 tỷ có thương lượng - lh bán nhà đẹp 2 tầng mt đường mạc cửu - kđt nam việt á, khuê mỹ, ngũ hành sơn - dt: 100m2 (5×20)- hướng đông nam, mát mẻ- nhà 2 tầng, gồm 2pn, 3wc, phòng khách, bếp, sân trước rộng để ô tô, nhà thiết kế đẹp, hiện đại. nhà móng băng có thể thể xây lên 3-4 tầng.- vị trí mt đường 7m5 mạc cửu, gần sông hàn, tuyến đường đẹp, dân cư văn minh, gần đsq hàn quốc, khu yên tĩnh, bình an, phù hợp mua ở gia đình.- giá bán bán đến cc: 5,6tỷ có thương lượng","bán nhà đẹp 2 tầng mt đường mạc cửu kđt nam việt á, khuê mỹ, ngũ hành sơn dt 100m2 (5 20) hướng đông nam, mát mẻ nhà 2 tầng, gồm 2pn, 3wc, phòng khách, bếp, sân trước rộng để ô tô, nhà thiết kế đẹp, hiện đại. nhà móng băng có thể thể xây lên 3 4 tầng. vị trí mt đường 7m5 mạc cửu, gần sông hàn, tuyến đường đẹp, dân cư văn minh, gần đsq hàn quốc, khu yên tĩnh, bình an, phù hợp mua ở gia đình. giá bán bán đến cc 5,8 tỷ có thương lượng lh bán nhà đẹp 2 tầng mt đường mạc cửu kđt nam việt á, khuê mỹ, ngũ hành sơn dt 100m2 (5 20) hướng đông nam, mát mẻ nhà 2 tầng, gồm 2pn, 3wc, phòng khách, bếp, sân trước rộng để ô tô, nhà thiết kế đẹp, hiện đại. nhà móng băng có thể thể xây lên 3 4 tầng. vị trí mt đường 7m5 mạc cửu, gần sông hàn, tuyến đường đẹp, dân cư văn minh, gần đsq hàn quốc, khu yên tĩnh, bình an, phù hợp mua ở gia đình. giá bán bán đến cc 5,6tỷ có thương lượng"
33,"""bán nhanh lô đất mtđường trường chinh - hướng tây, gần lê đại hành- diện tích 104m2 (4x25) 50m đất ở  còn lại 54m trồng cây lâu năm- hướng: tây, đất dính nữa cống- vị trí: mt đường 36m  đoạn đầu đườnggần lê đại hành, tuyến đường đẹp nhà của khang trang dân cư văn minh, tiện xung quanh đầy đủ.- thích hợp mua ở, kinh doanh, đầu tư...- giá bán đến công chứng:  3 tỷ 5","bán nhanh lô đất mt đường trường chinh hướng tây, gần lê đại hành diện tích 104m2 (4 x 25) 50m đất ở còn lại 54m trồng cây lâu năm hướng tây, đất dính nữa cống vị trí mt đường 36m đoạn đầu đườnggần lê đại hành, tuyến đường đẹp nhà của khang trang dân cư văn minh, tiện xung quanh đầy đủ. thích hợp mua ở, kinh doanh, đầu tư... giá bán đến công chứng 3 tỷ 5"
34,"bán nhà 3 tầng sát biển mặt tiền đường tân thái 6, mân thái, sơn trà, đà nẵng.- diện tích : 75m( 5x 15), dts: 193 m, đường 5m5, lề 3m, hướng tây.- nhà  có 3 tầng, 5 phòng ngủ ( 1 phòng đôi), 4 tolet, 1 bếp, 1 khách. đầy đủ nội thất máy lạnh tất cả các phòng.- vị trí: sau lưng quán bé mặn cách biển chỉ 200m, đi bộ 5p ra tới bãi tắm. cách chợ mân thái 100m. cách cầu sông hàn 1km. xung quanh khách sạn cao tầng, căn hộ cho thuê, nhà hàn hàn quốc, cafe, dân hàn quốc trung quốc sống đầy xung quanh phù hợp làm du lịch hoặc ở nghỉ dưỡng lâu dài. - giá bán đến công chứng: 5,7 tỷ tl.","bán nhà 3 tầng sát biển mặt tiền đường tân thái 6, mân thái, sơn trà, đà nẵng. diện tích 75m ( 5 x 15), dts 193 m, đường 5m5, lề 3m, hướng tây. nhà có 3 tầng, 5 phòng ngủ ( 1 phòng đôi), 4 tolet, 1 bếp, 1 khách. đầy đủ nội thất máy lạnh tất cả các phòng. vị trí sau lưng quán bé mặn cách biển chỉ 200m, đi bộ 5p ra tới bãi tắm. cách chợ mân thái 100m. cách cầu sông hàn 1km. xung quanh khách sạn cao tầng, căn hộ cho thuê, nhà hàn hàn quốc, cafe, dân hàn quốc trung quốc sống đầy xung quanh phù hợp làm du lịch hoặc ở nghỉ dưỡng lâu dài. giá bán đến công chứng 5,7 tỷ tl."
35,"bán nhà 5 tầng có thang máy, 2 mặt tiền trước sau, khu đảo vip hoà xuân- diện tích: 133m2(5x26,6) - đường 7,5m lề 4m hướng đông bắc (hướng phụ tây nam)- kết cấu: nhà 4 tầng 1 tum gồm 5pn, 4wc, 1 phòng khách, 1 bếp, 1 phòng thờ, 1 phòng giặt, sân thượng, ban công, 3 phòng shc, garavị trí: thuộc khu đảo vip 1 hoà xuân, khu dân cư đông đúc, an ninh, phù hợp mua ở lâu dài- giá bán đến công chứng:8,7tỷ có thương lượng.- l","bán nhà 5 tầng có thang máy, 2 mặt tiền trước sau, khu đảo vip hoà xuân diện tích 133m2 (5 x 26,6) đường 7,5m lề 4m hướng đông bắc (hướng phụ tây nam) kết cấu nhà 4 tầng 1 tum gồm 5pn, 4wc, 1 phòng khách, 1 bếp, 1 phòng thờ, 1 phòng giặt, sân thượng, ban công, 3 phòng shc, gara vị trí thuộc khu đảo vip 1 hoà xuân, khu dân cư đông đúc, an ninh, phù hợp mua ở lâu dài giá bán đến công chứng 8,7tỷ có thương lượng. l"
36,"bán nhà đẹp 3 tầng mới xây, mặt tiền khu hoà cường bắc, hải châu.+ diện tích: 100m² (5x20)+ hướng tây+ đường 5.5m, vỉa hè 3m.+ công năng: nhà 3tầng thiết kế hiện đại, 3 pn, 3wc, phòng thờ, phòng khách rộng rãi, sân thượng cực chill, đường thoát hiểm phía sau 2m, ô tô 7 chỗ đỗ trong sân.+ vị trí: gần đường nguyễn hữu thọ, nguyễn hữu dật, nguyễn quang bích. gần chợ nguyễn tri phương, bệnh viện vinmec, tiện ích bạt ngàn, an ninh tuyệt đối. vị trí ngay khu nhà giàu, trung tâm thành phố.+ giá 8.tỷ x","bán nhà đẹp 3 tầng mới xây, mặt tiền khu hoà cường bắc, hải châu. diện tích 100m2 (5 x 20) hướng tây đường 5.5m, vỉa hè 3m. công năng nhà 3 tầng thiết kế hiện đại, 3 pn, 3wc, phòng thờ, phòng khách rộng rãi, sân thượng cực chill, đường thoát hiểm phía sau 2m, ô tô 7 chỗ đỗ trong sân. vị trí gần đường nguyễn hữu thọ, nguyễn hữu dật, nguyễn quang bích. gần chợ nguyễn tri phương, bệnh viện vinmec, tiện ích bạt ngàn, an ninh tuyệt đối. vị trí ngay khu nhà giàu, trung tâm thành phố. giá 8.tỷ x"
37,"bán lô đất biển mt khuê mỹ đông 11, khuê mỹ, ngũ hành sơn gần tòa chung cư cao cấp the sang.- diện tích: 6x17= 102m2- hướng: tây nam- đường: 7m5. vỉa hè: 4m- lô đất sạch đẹp, không cống trụ, vị trí đẹp, gần biển, resort furama,  gần đường lớn lê văn hiến, xung quanh toàn là tòa căn hộ, khách sạn cho thuê luôn kín phòng..- giá bán đến công chứng: 7.4 tỷ","bán lô đất biển mt khuê mỹ đông 11, khuê mỹ, ngũ hành sơn gần tòa chung cư cao cấp the sang. diện tích 6 x 17 102m2 hướng tây nam đường 7m5. vỉa hè 4m lô đất sạch đẹp, không cống trụ, vị trí đẹp, gần biển, resort furama, gần đường lớn lê văn hiến, xung quanh toàn là tòa căn hộ, khách sạn cho thuê luôn kín phòng.. giá bán đến công chứng 7.4 tỷ"
38,"bán nhà 2 tầng kiên cố cách biển chỉ 200m, đường phước trường , phước mỹ, sơn trà- diện tích đất: 80 m2 (5x16), hướng đông bắc- đường 5m5 lề 3m- vị trí: cách biển chỉ 200m, gần vương thừa vũ, xung quanh là các toà khách sạn, căn hộ, thích hợp để mua ở hoặc cho thuê lại.- nhà 2 tầng gồm: 2 pn, 2 wc, phòng khách, phòng bếp, sân đậu ô tô- giá bán đến công chứng: 6,3tỷ ( có tl) giá cũ 6ty8-","bán nhà 2 tầng kiên cố cách biển chỉ 200m, đường phước trường , phước mỹ, sơn trà diện tích đất 80 m2 (5 x 16), hướng đông bắc đường 5m5 lề 3m vị trí cách biển chỉ 200m, gần vương thừa vũ, xung quanh là các toà khách sạn, căn hộ, thích hợp để mua ở hoặc cho thuê lại. nhà 2 tầng gồm 2 pn, 2 wc, phòng khách, phòng bếp, sân đậu ô tô giá bán đến công chứng 6,3tỷ ( có tl) giá cũ 6ty8"
39,"bán đất mặt tiền sát lô góc đường trần thánh tông, nại hiên đông, sơn trà- diện tích: 100 m2 (5x20m); đường 30m, có con lươn ở giữa, vỉa hè 4.5m- hướng: tây bắc- vị trí: gần sông hàn, gần biển, chợ nại hiên đông, trường học các cấp, xung quanh có nhiều toà chung cư, dân cư đông đúc, tiện ích đầy đủ, thích hợp mua ở, đầu tư- giá bán đến công chứng:  5.5 tỷ (có bớt)","bán đất mặt tiền sát lô góc đường trần thánh tông, nại hiên đông, sơn trà diện tích 100 m2 (5 x 20m) đường 30m, có con lươn ở giữa, vỉa hè 4.5m hướng tây bắc vị trí gần sông hàn, gần biển, chợ nại hiên đông, trường học các cấp, xung quanh có nhiều toà chung cư, dân cư đông đúc, tiện ích đầy đủ, thích hợp mua ở, đầu tư giá bán đến công chứng 5.5 tỷ (có bớt)"
40,"bán nhà 3 tầng đường 5m5 ngay khách sạn minh toàn galaxy đường 2/9 khu vực trung tâm hải châu giá rẻ.- dtđ: 67.5m2 (5* 13.5m), dtsd: 148m2 đường 5m5. hướng tây- kết cấu: nhà 3 tầng còn mới có 3pn, 2 wc, thoáng mát, kiên cố.- ngay tttp, gần đường 2/9, công viên châu á, khu nhà hàng tiệc cưới, dân cư đông đúc, an ninh tốt.- giá bán đến công chứng: 6.tỷ   3 thương lượng","bán nhà 3 tầng đường 5m5 ngay khách sạn minh toàn galaxy đường 2/9 khu vực trung tâm hải châu giá rẻ. dtđ 67.5m2 (5 * 13.5m), dtsd 148m2 đường 5m5. hướng tây kết cấu nhà 3 tầng còn mới có 3pn, 2 wc, thoáng mát, kiên cố. ngay tttp, gần đường 2/9, công viên châu á, khu nhà hàng tiệc cưới, dân cư đông đúc, an ninh tốt. giá bán đến công chứng 6tỷ 3 thương lượng"
41,"bán biệt thự 2 tầng mt lê huy cát, nam việt á, khuê mỹ, nhs- diện tích:200(10x20). đường 7m5, lề 4m- hướng: đông nam- biệt thự: 2 tầng gồm 3pn, 3wc,bếp, phòng khách, sinh hoạt chung, sân thượng, gara otto- biệt thự nằm ở đường lê huy cát, đối lưng đườg bùi tá hán. hướng đông nam thoáng mát, đi ra sông vài bước chân. dân cư xung quanh đông đúc, dân trí cao, tiện ích xung quanh đầy đủ. rất thích hợp để mua ở hoặc cho thuê lại. - giá bán đến công chứng:11 tỷ có thương lượng","bán biệt thự 2 tầng mt lê huy cát, nam việt á, khuê mỹ, nhs diện tích 200 (10 x 20). đường 7m5, lề 4m hướng đông nam biệt thự 2 tầng gồm 3pn, 3wc, bếp, phòng khách, sinh hoạt chung, sân thượng, gara otto biệt thự nằm ở đường lê huy cát, đối lưng đườg bùi tá hán. hướng đông nam thoáng mát, đi ra sông vài bước chân. dân cư xung quanh đông đúc, dân trí cao, tiện ích xung quanh đầy đủ. rất thích hợp để mua ở hoặc cho thuê lại. giá bán đến công chứng 11 tỷ có thương lượng"
42,"bán nhà 4 tầng mt gần chợ bắc mỹ an đường 10m5 dương thị xuân quý, quận ngũ hành sơn- diện tích : 100m2(5x20) dtsd:301m2- đường:10m5 lề 3m5, hướng: đông bắc- công năng: nhà 4 tầng ôtto đậu trong nhà, 4pn, 1 bếp,3 wc, sân thượng, nhà xây kiêng cố- vị trí: đường 10m5 sát góc bà huyện thanh quang. gần chợ bắc mỹ an, các trường đại học lớn, khu vực kinh doanh tấp nập. nhiều căn hộ, khách sạn, khách du lịch. phù hợp mua ở và kinh doanh nhiều loại hình dịch vụ.- giá bán tới công chứng: 11ty5- lh:","bán nhà 4 tầng mt gần chợ bắc mỹ an đường 10m5 dương thị xuân quý, quận ngũ hành sơn diện tích 100m2 (5 x 20) dtsd 301m2 đường 10m5 lề 3m5, hướng đông bắc công năng nhà 4 tầng ôtto đậu trong nhà, 4pn, 1 bếp,3 wc, sân thượng, nhà xây kiêng cố vị trí đường 10m5 sát góc bà huyện thanh quang. gần chợ bắc mỹ an, các trường đại học lớn, khu vực kinh doanh tấp nập. nhiều căn hộ, khách sạn, khách du lịch. phù hợp mua ở và kinh doanh nhiều loại hình dịch vụ. giá bán tới công chứng 11ty5 lh"
43,"bán lô đất đẹp mt bùi tá hán, kđt nam việt á, khuê mỹ, nhs- diện tích: 114m2(5x22,7)- hướng tây bắc- mt bùi tá hán, đường 15m, lề 5m. vị trí đẹp nằm trên trục đường chính của nam việt á, nối từ lê văn hiến thẳng ra sông hàn. khu vực kinh doanh sầm uất, gần chợ, trường học, bệnh viện.- giá bán đến công chứng 8 tỷ (có thương lượng)- liên hệ:","bán lô đất đẹp mt bùi tá hán, kđt nam việt á, khuê mỹ, nhs diện tích 114m2 (5 x 22,7) hướng tây bắc mt bùi tá hán, đường 15m, lề 5m. vị trí đẹp nằm trên trục đường chính của nam việt á, nối từ lê văn hiến thẳng ra sông hàn. khu vực kinh doanh sầm uất, gần chợ, trường học, bệnh viện. giá bán đến công chứng 8 tỷ (có thương lượng) liên hệ"
44,"bán nhà 2 tầng kẹp cống an thượng 15, mỹ an, ngũ hành sơn khu phố tây an thượng.- diện tích: 4.6x14.65=67.4m2. dtsd: 120m2- đường: 3m75. vỉa hè: 3m- hướng: đông bắc- nhà 2 tầng gồm: pk, bếp, 3pn, 2wc, nhà đang cho thuê 13tr/tháng- vị trí ngay khu an thượng, đông khách du lịch, gần biển mỹ khê..thuận tiện kinh doanh, ở, cho thuê..- giá bán đến công chứng: 6.6 tỷ, giá có tl- liên hệ","bán nhà 2 tầng kẹp cống an thượng 15, mỹ an, ngũ hành sơn khu phố tây an thượng. diện tích 4.6 x 14.65 67.4m2. dtsd 120m2 đường 3m75. vỉa hè 3m hướng đông bắc nhà 2 tầng gồm pk, bếp, 3pn, 2wc, nhà đang cho thuê 13tr/tháng vị trí ngay khu an thượng, đông khách du lịch, gần biển mỹ khê.. thuận tiện kinh doanh, ở, cho thuê.. giá bán đến công chứng 6.6 tỷ, giá có tl liên hệ"
45,"bán gấp nhà 2 tầng mặt tiền đường đỗ bá, mỹ an, ngũ hành sơn, gần lê quang đạo.- diện tích: 70m2(5x14m).- nhà 2 tầng trống suốt, đang cho thuê- vị trí: mặt tiền đường 10m5 đỗ bá, gần lê quang đạo, tuyến đường kinh doanh, nằm trong khu phố tây du lịch an thượng, phù hợp đầu tư, kinh doanh, buôn bán...- giá bán đến công chứng 13 tỷ có bớt- liên hệ:","bán gấp nhà 2 tầng mặt tiền đường đỗ bá, mỹ an, ngũ hành sơn, gần lê quang đạo. diện tích 70m2 (5 x 14m). nhà 2 tầng trống suốt, đang cho thuê vị trí mặt tiền đường 10m5 đỗ bá, gần lê quang đạo, tuyến đường kinh doanh, nằm trong khu phố tây du lịch an thượng, phù hợp đầu tư, kinh doanh, buôn bán... giá bán đến công chứng 13 tỷ có bớt liên hệ"
46,"bán rẻ lô đất 85m2 kiệt 3m đường an thượng 14 gần phan tứ, mỹ an ngũ hành sơn- dt 85,2m2, (ngang 6,2x13,5) nở hậu - hướng tây bắc- vị trí kiệt thông 3m khu an thượng gần biển mỹ khê, gần đại học kinh tế, nằm ngay khu du lịch an thượng, phù hợp mua ở, làm home stay, xây trọ, căn hộ...giá bán đến công chứng 3,6 tỷ có bớtliên hệ xem nhà:","bán rẻ lô đất 85m2 kiệt 3m đường an thượng 14 gần phan tứ, mỹ an ngũ hành sơn dt 85,2m2, (ngang 6,2 x 13,5) nở hậu hướng tây bắc vị trí kiệt thông 3m khu an thượng gần biển mỹ khê, gần đại học kinh tế, nằm ngay khu du lịch an thượng, phù hợp mua ở, làm home stay, xây trọ, căn hộ... giá bán đến công chứng 3,6 tỷ có bớt liên hệ xem nhà"
47,"bán đất đường nhựa 6m k70 bùi tá hán, khuê mỹ, ngũ hành sơn khu nam việt á .- diện tích: 5x17=86.8m2- hướng: đông bắc- đường nhựa rộng 6m- vị trí ngay trung tâm khu nam việt á, dân cư đông đúc, an ninh tốt, đất cao ráo, gần các tuyến đường lớn như lê văn hiến, chương dương…- giá bán đến công chứng: 2.9 tỷ-","bán đất đường nhựa 6m k70 bùi tá hán, khuê mỹ, ngũ hành sơn khu nam việt á . diện tích 5 x 17 86.8m2 hướng đông bắc đường nhựa rộng 6m vị trí ngay trung tâm khu nam việt á, dân cư đông đúc, an ninh tốt, đất cao ráo, gần các tuyến đường lớn như lê văn hiến, chương dương... giá bán đến công chứng 2.9 tỷ"
48,"bán nhà đẹp 2 tầng mt đường mạc cửu - kđt nam việt á, khuê mỹ, ngũ hành sơn - dt: 100m2 (5×20)- hướng đông nam, mát mẻ- nhà 2 tầng, gồm 2pn, 3wc, phòng khách, bếp, sân trước rộng để ô tô, nhà thiết kế đẹp, hiện đại. nhà móng băng có thể thể xây lên 3-4 tầng.- vị trí mt đường 7m5 mạc cửu, gần sông hàn, tuyến đường đẹp, dân cư văn minh, gần đsq hàn quốc, khu yên tĩnh, bình an, phù hợp mua ở gia đình.- giá bán bán đến cc: 5,65 tỷ có thương lượng -","bán nhà đẹp 2 tầng mt đường mạc cửu kđt nam việt á, khuê mỹ, ngũ hành sơn dt 100m2 (5 20) hướng đông nam, mát mẻ nhà 2 tầng, gồm 2pn, 3wc, phòng khách, bếp, sân trước rộng để ô tô, nhà thiết kế đẹp, hiện đại. nhà móng băng có thể thể xây lên 3 4 tầng. vị trí mt đường 7m5 mạc cửu, gần sông hàn, tuyến đường đẹp, dân cư văn minh, gần đsq hàn quốc, khu yên tĩnh, bình an, phù hợp mua ở gia đình. giá bán bán đến cc 5,65 tỷ có thương lượng"
49,"bán nhà 5 tầng mặt tiền đường hồ xuân hương, ngũ hành sơn.diện tích đất: 90m2(5x18m), dtsd: gần 450m2, hướng : tb- vị trí mt đường hồ xuân hương con đường thông thẳng xuống biển, cách bãi tắm bắc mỹ an (t20) 200m, gần resort furama, khu kinh doanh, buôn bán, ks,...+ nhà xây 5 tầng dạng khách sạn gồm 12 phòng, khép kín, sân thượng.thời gian trc cho thuê kinh doanh trần hương và kd căn hộ cho khách du lịch.- có hệ thống pccc và giấy phép kinh doanh khách sạn.giá bán: 15 tỷ( giá tl).l","bán nhà 5 tầng mặt tiền đường hồ xuân hương, ngũ hành sơn. diện tích đất 90m2 (5 x 18m), dtsd gần 450m2, hướng tb vị trí mt đường hồ xuân hương con đường thông thẳng xuống biển, cách bãi tắm bắc mỹ an (t20) 200m, gần resort furama, khu kinh doanh, buôn bán, ks,... nhà xây 5 tầng dạng khách sạn gồm 12 phòng, khép kín, sân thượng. thời gian trc cho thuê kinh doanh trần hương và kd căn hộ cho khách du lịch. có hệ thống pccc và giấy phép kinh doanh khách sạn. giá bán 15 tỷ ( giá tl).l"
50,"bán đất đường mỹ đa tây 10 – nam việt á, ngũ hành sơn. - diện tích: 85 m2 (5x17) - hướng: đông bắc- đường: 5m5. vỉa hè: 3m -  lô đất sạch đẹp, diện tích rộng thích hợp để ở, xây cho thuê. gần lãnh sự quán trung quốc, gần ktx sinh phía đông, gần sông. xung quanh nhà cửa đông đúc, tiện ích đầy đủ.- giá bán đến công chứng: 3,65 tỷ (có tl)","bán đất đường mỹ đa tây 10 nam việt á, ngũ hành sơn. diện tích 85 m2 (5 x 17) hướng đông bắc đường 5m5. vỉa hè 3m lô đất sạch đẹp, diện tích rộng thích hợp để ở, xây cho thuê. gần lãnh sự quán trung quốc, gần ktx sinh phía đông, gần sông. xung quanh nhà cửa đông đúc, tiện ích đầy đủ. giá bán đến công chứng 3,65 tỷ (có tl)"
51,"bán đất mt tùng thiện vương, nam việt á, khuê mỹ, ngũ hành sơn-diện tích: 95m2(5x19m), hướng: tây nam, đường 7,5m lề 4m-vị trí: gần ngã ba đa phước 8 và tùng thiện vương, song song đoàn khuê, dân cư dân trí cao, tiện ích xung quanh đầy đủ-thích hợp mua xây ở hoặc đầu tư-giá bán đễn công chứng: 3.9 tỷ (bớt lộc)liên hệ:l","bán đất mt tùng thiện vương, nam việt á, khuê mỹ, ngũ hành sơn diện tích 95m2 (5 x 19m), hướng tây nam, đường 7,5m lề 4m vị trí gần ngã ba đa phước 8 và tùng thiện vương, song song đoàn khuê, dân cư dân trí cao, tiện ích xung quanh đầy đủ thích hợp mua xây ở hoặc đầu tư giá bán đễn công chứng 3.9 tỷ (bớt lộc)liên hệ l"
52,"bán lô đất mặt tiền đường khuê mỹ đông 14, đối diện công viên, mỹ an, ngũ hành sơn- diện tích: 102 m2 ( 6x17m); đường 7m5, vỉa hè 4m- vị trí: đối diện công viên kdc nhà máy cao su, gần bãi tắm t20, gần cầu tiên sơn, chợ bắc mỹ an, đh kinh tế.- giá bán đến công chứng: 7.3 tỷ (có bớt)liên hệ:","bán lô đất mặt tiền đường khuê mỹ đông 14, đối diện công viên, mỹ an, ngũ hành sơn diện tích 102 m2 ( 6 x 17m) đường 7m5, vỉa hè 4m vị trí đối diện công viên kdc nhà máy cao su, gần bãi tắm t20, gần cầu tiên sơn, chợ bắc mỹ an, đh kinh tế. giá bán đến công chứng 7.3 tỷ (có bớt)liên hệ"
53,"bán nhà 3.5 tầng mặt tiền mới đẹp đường nguyễn xuân nhĩ, hoà cường nam, hải châu- diện tích đất: 95m2 (5x19m) hướng tây, đường rộng 7.5m, lề 4.5m- công năng: phòng khách, bếp, 3pn, 4wc, phòng thờ, phòng giặt, bể cá, mỗi phòng ngủ đều có tivi, điều hoà riêng, để lại toàn bộ nội thất mới đẹp- vị trí: gần ngã 4 đường 2 tháng 9 và xô viết nghệ tĩnh, gần cầu tiên sơn, gần trường đh đông á, kiến trúc, cao đẳng đại việt, lotte mart, chợ đêm helio, xung quanh dân cư đông đúc, tiện ích đầy đủ- giá bán đến công chứng: 10.8 tỷ ( có thương lượng)","bán nhà 3.5 tầng mặt tiền mới đẹp đường nguyễn xuân nhĩ, hoà cường nam, hải châu diện tích đất 95m2 (5 x 19m) hướng tây, đường rộng 7.5m, lề 4.5m công năng phòng khách, bếp, 3pn, 4wc, phòng thờ, phòng giặt, bể cá, mỗi phòng ngủ đều có tivi, điều hoà riêng, để lại toàn bộ nội thất mới đẹp vị trí gần ngã 4 đường 2 tháng 9 và xô viết nghệ tĩnh, gần cầu tiên sơn, gần trường đh đông á, kiến trúc, cao đẳng đại việt, lotte mart, chợ đêm helio, xung quanh dân cư đông đúc, tiện ích đầy đủ giá bán đến công chứng 10.8 tỷ ( có thương lượng)"
54,"bán đất tặng nhà cấp 4 mặt tiền đường 7m5 lê chân, an hải bắc, sơn trà.- diện tích: 70,5m2 (4,7x15), hướng: bắc.- đường rộng 7m5, vỉa hè 4m.- vị trí : mặt tiền đường lê chân, gần các đường lớn như ngô quyền, trần thánh tông, gần trường học các cấp, khu chợ đầy đủ các dịch vụ tiện ích khác.- giá bán đến công chứng: 3ty980tr -","bán đất tặng nhà cấp 4 mặt tiền đường 7m5 lê chân, an hải bắc, sơn trà. diện tích 70,5m2 (4,7 x 15), hướng bắc. đường rộng 7m5, vỉa hè 4m. vị trí mặt tiền đường lê chân, gần các đường lớn như ngô quyền, trần thánh tông, gần trường học các cấp, khu chợ đầy đủ các dịch vụ tiện ích khác. giá bán đến công chứng 3ty980tr"
55,"bán cặp đất mặt tiền đường 10,5m khu sơn thuỷ, khuê mỹ, ngũ hành sơn, đà nẵng- diện tích đất: 7x20 = 140m -  đường 10,5m vỉa hè 5m. -hướng đông cách biển 100m- vị trí: nằm trên trục đường lớn, khu sơn thuỷ sát võ nguyên giáp, crown plaza, jw marriott ...các khu resort lớn thích hợp đầu tư xây khách sạn căn hộ cho thuê người nước ngoài. - giá bán 62tr/m2 rẻ nhất trục đường 10,5m.  - 8,68tỷ/ lô","bán cặp đất mặt tiền đường 10,5m khu sơn thuỷ, khuê mỹ, ngũ hành sơn, đà nẵng diện tích đất 7 x 20 140m đường 10,5m vỉa hè 5m. hướng đông cách biển 100m vị trí nằm trên trục đường lớn, khu sơn thuỷ sát võ nguyên giáp, crown plaza, jw marriott ... các khu resort lớn thích hợp đầu tư xây khách sạn căn hộ cho thuê người nước ngoài. giá bán 62tr/m2 rẻ nhất trục đường 10,5m. 8,68tỷ/ lô"
56,"bán đất ngay chợ an hải bắc đường 15m nguyễn thị định giá rẻ chỉ 6.6 tỷ.🔥💥🔥🔥- diện tích: 5x18.2m( 90.8m2)- vị trí: trục đường chính của khu vực  với 4 làn xe, nơi tập trung kinh doanh nhiều ngành nghề, đặc biệt gần chợ an hải bắc, gần sông hàn. phù hợp mua ở, xây văn phòng, căn hộ, kinh doanh nhiều ngành nghề.giá bán 6tỷ6","bán đất ngay chợ an hải bắc đường 15m nguyễn thị định giá rẻ chỉ 6.6 tỷ. diện tích 5 x 18.2m ( 90.8m2) vị trí trục đường chính của khu vực với 4 làn xe, nơi tập trung kinh doanh nhiều ngành nghề, đặc biệt gần chợ an hải bắc, gần sông hàn. phù hợp mua ở, xây văn phòng, căn hộ, kinh doanh nhiều ngành nghề. giá bán 6tỷ6"
57,"bán nhà đẹp 2 tầng đường 7m5 đa phước gần bùi tá hán khu nam việt á, khuê mỹ, ngũ hành sơn.- đường 7m5 lề 4m.- diện tích: 90m2 (5x18), dts: 145m2, hướng tây nam, kẹp lối thoát hiểm bên hông thoáng mát.- công năng: nhà mới 2 tầng xây kiểu mê lệch kiên cố phòng khách, bếp, 3pn, 2 wc, bếp, sân trước.- nhà đang có dòng tiền cho thuê 130tr/năm ( nhận tiền 1 lần/năm)- giá bán đến công chứng : 5.4 tỷ thương lượng.","bán nhà đẹp 2 tầng đường 7m5 đa phước gần bùi tá hán khu nam việt á, khuê mỹ, ngũ hành sơn. đường 7m5 lề 4m. diện tích 90m2 (5 x 18), dts 145m2, hướng tây nam, kẹp lối thoát hiểm bên hông thoáng mát. công năng nhà mới 2 tầng xây kiểu mê lệch kiên cố phòng khách, bếp, 3pn, 2 wc, bếp, sân trước. nhà đang có dòng tiền cho thuê 130tr/năm ( nhận tiền 1 lần/năm) giá bán đến công chứng 5.4 tỷ thương lượng."
58,"bán nhà 3 tầng đường  đoàn khuê, khuê mỹ, ngũ hành sơn , đà nẵng                               -  diện tích: 5*20=100m2, dt sàn 292m2, đường 11m, lề 5m, hướng tây nam.-   nhà có 4 phòng ngủ khép kín,( có 1wc tầng trệt), phòng khách, phòng bếp,phòng thờ rộng, full nội thất, nhà đẹp thiết kế sang trọng.-  giá bán tới công chứng: 6.7 tỷ - có thương lượng  -  liên hệ :","bán nhà 3 tầng đường đoàn khuê, khuê mỹ, ngũ hành sơn , đà nẵng diện tích 5 * 20 100m2, dt sàn 292m2, đường 11m, lề 5m, hướng tây nam. nhà có 4 phòng ngủ khép kín, ( có 1wc tầng trệt), phòng khách, phòng bếp,phòng thờ rộng, full nội thất, nhà đẹp thiết kế sang trọng. giá bán tới công chứng 6.7 tỷ có thương lượng liên hệ"
59,"giảm 2 tỷ bán gấp lô góc vị trí siêu đẹp khu đầm sen block b2.135 khu nam hòa xuân, hòa quý, ngũ hành sơn.- diện tích: 281,3 m2, ( 14 x20)- hướng: tây bắc & tây nam.- đường: 7m5. vỉa hè: 3m5- vị trí gần ngay các tuyến đường lớn: nguyễn phước lan, minh mạng, gần công viên đầm sen…., trục thông ra sông.- gián bán đến công chứng: 12.5 tỷ, giá có tl.( giá cũ 14,5 tỷ)","giảm 2 tỷ bán gấp lô góc vị trí siêu đẹp khu đầm sen block b2.135 khu nam hòa xuân, hòa quý, ngũ hành sơn. diện tích 281,3 m2, ( 14 x20) hướng tây bắc tây nam. đường 7m5. vỉa hè 3m5 vị trí gần ngay các tuyến đường lớn nguyễn phước lan, minh mạng, gần công viên đầm sen...., trục thông ra sông. gián bán đến công chứng 12.5 tỷ, giá có tl.( giá cũ 14,5 tỷ)"
60,"- diện tích:100m2(4,2x24)dtsd: 366m2- hướng :đông , đường: 5m- hiện trạng:nhà 4 tầng,10 phòng căn hộ full nội thất, đang cho thuê 40tr/tháng- phù hợp ở, kinh doanh cho thuê lại - giá bán đến công chứng: 8ty880( thương lương)-------------------------liên hệ : thủy call/zalo nhận ký gửi thuê-mua bán bđs","diện tích 100m2 (4,2 x 24) dtsd 366m2 hướng đông , đường 5m hiện trạng nhà 4 tầng, 10 phòng căn hộ full nội thất, đang cho thuê 40tr/tháng phù hợp ở, kinh doanh cho thuê lại giá bán đến công chứng 8ty880 ( thương lương) liên hệ thủy call/zalo nhận ký gửi thuê mua bán bđs"
61,"bán lô đất đẹp 125m2 (5x25) -  2 mặt tiền đường hàng dừa (đường 29/3), khu đảo vip, gần cầu bùi tá hán, hòa xuân, cẩm lệ - diện tích: 125m2 (5x25)- hướng đông nam - vị trí đẹp lô 2 mặt tiền đường hàng dừa 29/3 và đường 5m bên hông, đoạn gần sông vị trí đẹp, đầu tư tốt- giá bán 7,1 tỷ (có thương lượng, bán đến công chứng) -------------------------liên hệ : thủy call/zalo nhận ký gửi thuê-mua bán bđs","bán lô đất đẹp 125m2 (5 x 25) 2 mặt tiền đường hàng dừa (đường 29/3), khu đảo vip, gần cầu bùi tá hán, hòa xuân, cẩm lệ diện tích 125m2 (5 x 25) hướng đông nam vị trí đẹp lô 2 mặt tiền đường hàng dừa 29/3 và đường 5m bên hông, đoạn gần sông vị trí đẹp, đầu tư tốt giá bán 7,1 tỷ (có thương lượng, bán đến công chứng) liên hệ thủy call/zalo nhận ký gửi thuê mua bán bđs"
62,"bán cặp đất mặt tiền đường 10,5m khu sơn thuỷ, khuê mỹ, ngũ hành sơn, đà nẵng- diện tích đất: 7x20 = 140m (2 lô liền kề)-  đường 10,5m vỉa hè 5m. -hướng đông cách biển 100m- vị trí: nằm trên trục đường lớn, khu sơn thuỷ sát võ nguyên giáp, crown plaza, jw marriott ...các khu resort lớn thích hợp đầu tư xây khách sạn căn hộ cho thuê người nước ngoài. - giá bán 62tr/m2 rẻ nhất trục đường 10,5m.  - 8,68tỷ/ lô  có thương lượng hoặc bán từng lô.-------------------------------------liên hệ : thủy call/zalo nhận ký gửi thuê-mua bán bđs","bán cặp đất mặt tiền đường 10,5m khu sơn thuỷ, khuê mỹ, ngũ hành sơn, đà nẵng diện tích đất 7 x 20 140m (2 lô liền kề) đường 10,5m vỉa hè 5m. hướng đông cách biển 100m vị trí nằm trên trục đường lớn, khu sơn thuỷ sát võ nguyên giáp, crown plaza, jw marriott ... các khu resort lớn thích hợp đầu tư xây khách sạn căn hộ cho thuê người nước ngoài. giá bán 62tr/m2 rẻ nhất trục đường 10,5m. 8,68tỷ/ lô có thương lượng hoặc bán từng lô. liên hệ thủy call/zalo nhận ký gửi thuê mua bán bđs"
63,"bán đất ngay chợ an hải bắc đường nguyễn thị định giá rẻ chỉ 6.6 tỷ.- diện tích: 5x18.2m( 90.8m2), hướng tb- đường: 15m vỉa hè 5m- vị trí: trục đường chính của khu vực  với 4 làn xe, nơi tập trung kinh doanh nhiều ngành nghề, đặc biệt gần chợ an hải bắc, gần sông hàn. phù hợp mua ở, xây văn phòng, căn hộ, kinh doanh nhiều ngành nghề.- giá bán nhanh đến công chứng: 6.6 tỷ tl, giá siêu rẻ- - - - - - - - - - - - - - - - - lh:thủy call/zalo","bán đất ngay chợ an hải bắc đường nguyễn thị định giá rẻ chỉ 6.6 tỷ. diện tích 5 x 18.2m ( 90.8m2), hướng tb đường 15m vỉa hè 5m vị trí trục đường chính của khu vực với 4 làn xe, nơi tập trung kinh doanh nhiều ngành nghề, đặc biệt gần chợ an hải bắc, gần sông hàn. phù hợp mua ở, xây văn phòng, căn hộ, kinh doanh nhiều ngành nghề. giá bán nhanh đến công chứng 6.6 tỷ tl, giá siêu rẻ lh thủy call/zalo"
64,"chính chủ cần bán lô đất khu sầm uất bậc nhất trục đường nguyễn văn thoại *với diện tích 196m² ngang 7,5m phù hợp xây dựng khách sạn, căn hộ,nhà hàng,cf phù hợp kinh doanh*vị trí nằm ngay khu biển mỹ khê khu trung tâm du lịch liên quận ngũ hành sơn và sơn trà quý khách quan tâm hãy liên lạc mr chính để có giá tốt nhất","chính chủ cần bán lô đất khu sầm uất bậc nhất trục đường nguyễn văn thoại * với diện tích 196m2 ngang 7,5m phù hợp xây dựng khách sạn, căn hộ,nhà hàng, cf phù hợp kinh doanh * vị trí nằm ngay khu biển mỹ khê khu trung tâm du lịch liên quận ngũ hành sơn và sơn trà quý khách quan tâm hãy liên lạc mr chính để có giá tốt nhất"
65,chủ cần bán toà căn hộ 9 tầng gồm 32 căn hộ rộng rãi nội thất toàn bộ gỗ xịn sò*với tổng diện tích đất hơn 270m2 ngang 10m view công viên vô cùng thoáng đãng chỉ cách biển mỹ khê 500m*tiện ích xung quanh đầy đủ và vô cùng thuận tiện cho kinh doanh*tổng diện tích sàn gần 2300m2 các căn hộ được bố trí rất rộng rãi và mát mẻ với các của sổ kèm giếng trời lấy sáng quanh toà nhà*quý anh chị quan tâm vui lòng liên hệ mr chính để đàm phán được giá tốt nhất,chủ cần bán toà căn hộ 9 tầng gồm 32 căn hộ rộng rãi nội thất toàn bộ gỗ xịn sò * với tổng diện tích đất hơn 270m2 ngang 10m view công viên vô cùng thoáng đãng chỉ cách biển mỹ khê 500m * tiện ích xung quanh đầy đủ và vô cùng thuận tiện cho kinh doanh * tổng diện tích sàn gần 2300m2 các căn hộ được bố trí rất rộng rãi và mát mẻ với các của sổ kèm giếng trời lấy sáng quanh toà nhà * quý anh chị quan tâm vui lòng liên hệ mr chính để đàm phán được giá tốt nhất
66,"bán tòa căn hộ 8 tầng 28 phòng mặt tiền đường khuê mỹ đông, khu nhà máy cao su* diện tích đất: 176m2 ngang 10,5m thiêt kế nhà hàng, hồ bơi, thang máy, phòng xông hơi,nội thất mới và sang trọng...thu nhập 1 tháng bình quân gần 100tr.*nằm ngay khu du lịch sát biển, khu resort cao cấp thuận lợi cho việc kinh doanh lưu trú*gía bán của toà căn hộ :25tỷ","bán tòa căn hộ 8 tầng 28 phòng mặt tiền đường khuê mỹ đông, khu nhà máy cao su * diện tích đất 176m2 ngang 10,5m thiêt kế nhà hàng, hồ bơi, thang máy, phòng xông hơi,nội thất mới và sang trọng... thu nhập 1 tháng bình quân gần 100tr. * nằm ngay khu du lịch sát biển, khu resort cao cấp thuận lợi cho việc kinh doanh lưu trú * gía bán của toà căn hộ 25tỷ"
67,"*chủ cần chuyển nhượng cặp đường 5,5m mỹ đa tây 10 giá cực kì tốt*diện tích 170m2 ngang 10m phù hợp xây dựng căn villa cho gia đình*nằm trong khu dân trí cao, an toàn gần đại sứ quán,sát sông *giá bán 7,2tỷ thuong lượng trực tiếp chủ","* chủ cần chuyển nhượng cặp đường 5,5m mỹ đa tây 10 giá cực kì tốt * diện tích 170m2 ngang 10m phù hợp xây dựng căn villa cho gia đình * nằm trong khu dân trí cao, an toàn gần đại sứ quán,sát sông * giá bán 7,2tỷ thuong lượng trực tiếp chủ"
68,"do chuyển hướng đầu tư cần chuyển nhượng lại lô biệt thự đường giáng hương 3 trục thông của khu compound euro village 2.* nằm trong khu dân cư vip và được bảo vệ 24/7 có sẵn tiện ích bao gồm công viên, khu thể thao riêng của khu.* với diện tích hơn 300m² rất phù hợp xây dựng những căn biệt thự cho gd.* tiện ích giao thông chỉ mất 7p ra sân bay và 10p ra đến biển mỹ khê.","do chuyển hướng đầu tư cần chuyển nhượng lại lô biệt thự đường giáng hương 3 trục thông của khu compound euro village 2. * nằm trong khu dân cư vip và được bảo vệ 24/7 có sẵn tiện ích bao gồm công viên, khu thể thao riêng của khu. * với diện tích hơn 300m2 rất phù hợp xây dựng những căn biệt thự cho gd. * tiện ích giao thông chỉ mất 7p ra sân bay và 10p ra đến biển mỹ khê."
69,"chuyển công tác gia đình cần chuyển nhượng căn biệt thự đường bằng lăng 3 trục đường lớn nhất và thoáng nhất khu euro village*với diện tích 250m2 xây 3 tầng bao gồm 4pn phòng khách,bếp,sân phơi,đỗ xe trong sân*với vị trí nằm ngay trung tâm sát sông hàn thuận tiện di chuyển ra bãi tắm mỹ khê chỉ 2p và ra sân bay chỉ 5p*tiện ích nội khu bao gồm sân bóng,tennis,công viên và quảng trường bên ngoài khu đầy đủ các tiện ích như nhà hàng quán ăn,trường học bệnh viện....*giá bán 35tỷ còn thương lượng","chuyển công tác gia đình cần chuyển nhượng căn biệt thự đường bằng lăng 3 trục đường lớn nhất và thoáng nhất khu euro village * với diện tích 250m2 xây 3 tầng bao gồm 4pn phòng khách,bếp,sân phơi, đỗ xe trong sân * với vị trí nằm ngay trung tâm sát sông hàn thuận tiện di chuyển ra bãi tắm mỹ khê chỉ 2p và ra sân bay chỉ 5p * tiện ích nội khu bao gồm sân bóng, tennis, công viên và quảng trường bên ngoài khu đầy đủ các tiện ích như nhà hàng quán ăn, trường học bệnh viện.... * giá bán 35tỷ còn thương lượng"
71,"chuyển công tác gia đình cần chuyển nhượng lô biệt thụ thuộc dự án làng châu âu tại hoà xuân,cẩm lệ*nằm trong khu biệt lập với đầy đủ tiện tích của nội khu:công viên,2 hồ bơi lớn, sân bóng, sân tennis,sân bóng rổ,nhà sinh hoạt cộng đồng.... và ngoài khu đầy đủ các tiện ích như siêu thị, ngân hàng,nhà hàng, spa....*với diện tích hơn 320m² chiều ngang hơn 14m#ngoài ra còn 1 số lô trục thông đông nam,view kênh, view sông,view công viên giá tốt#*quý khách quan tâm vui lòng liên hệ để làm việc trực tiếp","chuyển công tác gia đình cần chuyển nhượng lô biệt thụ thuộc dự án làng châu âu tại hoà xuân, cẩm lệ * nằm trong khu biệt lập với đầy đủ tiện tích của nội khu công viên, 2 hồ bơi lớn, sân bóng, sân tennis, sân bóng rổ, nhà sinh hoạt cộng đồng.... và ngoài khu đầy đủ các tiện ích như siêu thị, ngân hàng, nhà hàng, spa.... * với diện tích hơn 320m2 chiều ngang hơn 14m ngoài ra còn 1 số lô trục thông đông nam, view kênh, view sông, view công viên giá tốt * quý khách quan tâm vui lòng liên hệ để làm việc trực tiếp"
72,"cần bán khách sạn đã hoàn công được xây dựng 8 tầng 15 phòng khách sạn và 1 tầng spa*nằm ngay khu phố tây với các hoạt động giải trí dành riêng của khu,cách biển chỉ 100m đi bộ*được xây dụng gồm 8 tầng 15phòng đầy đủ sảnh lễ tân, quầy bar,spa...*hồ sơ pháp lý:đã hoàn công*quý khách vui lòng quan tâm liên hệ để có thêm thông tin chi tiết","cần bán khách sạn đã hoàn công được xây dựng 8 tầng 15 phòng khách sạn và 1 tầng spa * nằm ngay khu phố tây với các hoạt động giải trí dành riêng của khu,cách biển chỉ 100m đi bộ * được xây dụng gồm 8 tầng 15phòng đầy đủ sảnh lễ tân, quầy bar,spa... * hồ sơ pháp lý đã hoàn công * quý khách vui lòng quan tâm liên hệ để có thêm thông tin chi tiết"
73,"#sơn trà🏡🏡🏡 cần bán căn nhà tâm huyết mới xây, vị trí đẹp - thoáng⚡️3 tầng, 3pn 2wc, 1 phòng thờ lớn⚡️sân thượng, bếp, phòng khách⚡️hướng chính tây⚡️đầy đủ tiện ích xung quanh⚡️giá bán: 6tỷ (thương lượng)liên hệ ms phương xem nhà  (ncc)","sơn trà cần bán căn nhà tâm huyết mới xây, vị trí đẹp thoáng 3 tầng, 3pn 2wc, 1 phòng thờ lớn sân thượng, bếp, phòng khách hướng chính tây đầy đủ tiện ích xung quanh giá bán 6tỷ (thương lượng) liên hệ ms phương xem nhà (ncc)"
74,"bán căn hộ chung cư mường thanh - sơn trà - đà nẵng:dt 60m2căn hộ dull nội thất đẹp, 2pn 2wcban công hướng nam mát mẻgiá bán: 2 tỷ (có thương lượng)—————liên hệ ms phương đến xem căn hộtrân trọng cảm ơn","bán căn hộ chung cư mường thanh sơn trà đà nẵng dt 60m2 căn hộ dull nội thất đẹp, 2pn 2wc ban công hướng nam mát mẻ giá bán 2 tỷ (có thương lượng) liên hệ ms phương đến xem căn hộtrân trọng cảm ơn"
75,"cần bán nhanh siêu phẩm góc 2mt ngã tư mai chí thọ và nguyễn thành năm, hòa xuân, đà nẵng.* vị trí cực đẹp, cách đường nguyễn phước lan chưa đầy 200m.- đặc biệt sau lưng và trước mặt là công viên nên rất thoáng đẹp.- nằm trên trục đường mai chí thọ là trục đường chính của kđt hòa xuân, kết nối từ kđt qua kv sân vận động hòa xuân- nam cẩm lệ. thích hợp đầu tư, xây biệt thự, biệt phủ, kd nhà hàng...* diện tích: ngang 30m x 25m=756,2m2(2 lô liền kề)* hướng đông nam và tây nam.* giá tốtkhách mua thiện chí vui long liên hệ để trao đổi cụ thể ạ!","cần bán nhanh siêu phẩm góc 2mt ngã tư mai chí thọ và nguyễn thành năm, hòa xuân, đà nẵng. * vị trí cực đẹp, cách đường nguyễn phước lan chưa đầy 200m. đặc biệt sau lưng và trước mặt là công viên nên rất thoáng đẹp. nằm trên trục đường mai chí thọ là trục đường chính của kđt hòa xuân, kết nối từ kđt qua kv sân vận động hòa xuân nam cẩm lệ. thích hợp đầu tư, xây biệt thự, biệt phủ, kd nhà hàng... * diện tích ngang 30m x 25m 756,2m2 (2 lô liền kề) * hướng đông nam và tây nam. * giá tốt khách mua thiện chí vui long liên hệ để trao đổi cụ thể ạ"
76,"cần bán nhanh mảnh đất view biển đà nẵng, mặt tiền đường trường sa.* vị trí đẹp, nằm trên tuyến đường huyết mạch kết nối từ đà nẵng đến hội an.gần bãi tắm tân trà, thích hợp đầu tư, kd khai thác các dv về du lịch.* diện tích: ngang 25m x 39.9m = 997,7m2đất cơ sở sxkd* giá cực tốtkhách mua thiện chí vui lòng liên hệ sđt để trao đổi thông tin cụ thể ạ!","cần bán nhanh mảnh đất view biển đà nẵng, mặt tiền đường trường sa. * vị trí đẹp, nằm trên tuyến đường huyết mạch kết nối từ đà nẵng đến hội an. gần bãi tắm tân trà, thích hợp đầu tư, kd khai thác các dv về du lịch. * diện tích ngang 25m x 39.9m 997,7m2 đất cơ sở sxkd * giá cực tốtkhách mua thiện chí vui lòng liên hệ sđt để trao đổi thông tin cụ thể ạ"
77,"chủ cần bán nhanh đất mặt tiền đường khuê mỹ đông 3, ngũ hành sơn, đà nẵng.* vị trí đẹp,nằm khu vực gần bãi tắm t20, gần 2 tòa căn hộ cao cấp the sang và risemount. nơi tập trung nhiều tòa căn hộ apartment, khách sạn...thích hợp đầu tư, kd spa, xây căn hộ cho thuê.* diện tích: 6m x 17m = 102m2  hướng tây nam.  lòng đường 7m5, vỉa hè mỗi bên 3m.khách thiện chí vui lòng liên hệ bđs thạch hãn để được tư vấn và đàm phán mua với mức giá tốt nhất.","chủ cần bán nhanh đất mặt tiền đường khuê mỹ đông 3, ngũ hành sơn, đà nẵng. * vị trí đẹp, nằm khu vực gần bãi tắm t20, gần 2 tòa căn hộ cao cấp the sang và risemount. nơi tập trung nhiều tòa căn hộ apartment, khách sạn... thích hợp đầu tư, kd spa, xây căn hộ cho thuê. * diện tích 6m x 17m 102m2 hướng tây nam. lòng đường 7m5, vỉa hè mỗi bên 3m. khách thiện chí vui lòng liên hệ bđs thạch hãn để được tư vấn và đàm phán mua với mức giá tốt nhất."
78,"cần bán đất mặt tiền đường trần sâm - thích hợp đầu tư.* vị trí đẹp, gần ks 5 sao golden bay, công viên kỳ quan, gần sông hàn và vịnh biển đà nẵng.* diện tích 10m x 18m = 180m2, hướng tây bắc.* giá bán chỉ 4x tr/m2 cho một vị trí cách tttp chỉ 3km.khách thiện chí vui lòng liên hệ để được tư vấn và đàm phán mua với mức giá tốt nhất!","cần bán đất mặt tiền đường trần sâm thích hợp đầu tư. * vị trí đẹp, gần ks 5 sao golden bay, công viên kỳ quan, gần sông hàn và vịnh biển đà nẵng. * diện tích 10m x 18m 180m2, hướng tây bắc. * giá bán chỉ 4x tr/m2 cho một vị trí cách tttp chỉ 3km. khách thiện chí vui lòng liên hệ để được tư vấn và đàm phán mua với mức giá tốt nhất"
79,"cần bán quỹ đất lớn 4 mặt tiền đường phạm hùng* vị trí đẹp, khu vực đông đúc, trục đường lớn huyết mạch kết nối với ql1a qua cầu cẩm lệ.* diện tích 9028m2 mặt tiền phạm hùng ngang hơn 88,7m, sâu 102m.* đất cơ sở sản xuất kinh doanhthích hợp làm tttm, khu phức hợp tmdvkhách thiện chí vui lòng liên hệ để biết thêm chi tiết.","cần bán quỹ đất lớn 4 mặt tiền đường phạm hùng * vị trí đẹp, khu vực đông đúc, trục đường lớn huyết mạch kết nối với ql1a qua cầu cẩm lệ. * diện tích 9028m2 mặt tiền phạm hùng ngang hơn 88,7m, sâu 102m. * đất cơ sở sản xuất kinh doanh thích hợp làm tttm, khu phức hợp tmdv khách thiện chí vui lòng liên hệ để biết thêm chi tiết."
80,"chính chủ gửi bán lô đất biển đường nguyễn phạm tuân thích hợp đầu tư, xây biệt thự, căn hộ cho thuê...* vị trí đẹp, trục đường nằm song song với đường trường sa, gần bãi tắm tân trà, giao thông thuận tiện.* diện tích 7x20=140m2 vuông vức, đất hướng đông.khách thiện chí vui lòng liên hệ mr hãn","chính chủ gửi bán lô đất biển đường nguyễn phạm tuân thích hợp đầu tư, xây biệt thự, căn hộ cho thuê... * vị trí đẹp, trục đường nằm song song với đường trường sa, gần bãi tắm tân trà, giao thông thuận tiện. * diện tích 7 x 20 140m2 vuông vức, đất hướng đông. khách thiện chí vui lòng liên hệ mr hãn"
81,"cần bán 240m2 đất biển, đối lưng võ nguyên giáp, đường phước trường 1, sơn trà, đà nẵng.vị trí đẹp, nằm trong khu vực ven biển trung tâm đà nẵng, đường 7m5 đi bộ ra biển rất gần. thích hợp, đầu tư, xây biệt thự nghĩ dưỡng, kinh doanh apartment...* dt 240m2 mặt tiền ngang 12mliên hệ ngay mr hãn để được tư vấn và đàm phán mua với giá tốt nhất.","cần bán 240m2 đất biển, đối lưng võ nguyên giáp, đường phước trường 1, sơn trà, đà nẵng. vị trí đẹp, nằm trong khu vực ven biển trung tâm đà nẵng, đường 7m5 đi bộ ra biển rất gần. thích hợp, đầu tư, xây biệt thự nghĩ dưỡng, kinh doanh apartment... * dt 240m2 mặt tiền ngang 12m liên hệ ngay mr hãn để được tư vấn và đàm phán mua với giá tốt nhất."
82,"lô góc 2mt đường chương dương, vị trí cực đẹp để xây căn hộ, khách sạn.một mặt tiền đường chương dương và một mặt tiền đường 5m.- diện tích: 5m x 20m (100m2).- hướng: tây, view sông, điểm bắn pháo hoa quốc tế( dự kiến)chi tiết vui lòng liên hệ: mr thạch hãn trung thực - uy tín - chuyên nghiệp.tư vấn nhiệt tình, tận tâm, 24/24.","lô góc 2mt đường chương dương, vị trí cực đẹp để xây căn hộ, khách sạn. một mặt tiền đường chương dương và một mặt tiền đường 5m. diện tích 5m x 20m (100m2). hướng tây, view sông, điểm bắn pháo hoa quốc tế( dự kiến)chi tiết vui lòng liên hệ mr thạch hãn trung thực uy tín chuyên nghiệp. tư vấn nhiệt tình, tận tâm, 24/24."
83,"chính chủ bán nhanh lô đất blook b10 đường nguyễn hữu an, nại hiên đông, sơn trà, đà nẵng.+ vị trí cực đẹp, ngay cầu thuận phước, gần khách sạn dát vàng 5* hòa bình green, xem là thích ngay.- diện tích: 10 x 18m = 180m2 (blook b10).- hướng đông nam.chi tiết vui lòng liên hệ: mr thạch hãn trung thực - uy tín - chuyên nghiệp.tư vấn nhiệt tình, miễn phí 24/24.","chính chủ bán nhanh lô đất blook b10 đường nguyễn hữu an, nại hiên đông, sơn trà, đà nẵng. vị trí cực đẹp, ngay cầu thuận phước, gần khách sạn dát vàng 5 * hòa bình green, xem là thích ngay. diện tích 10 x 18m 180m2 (blook b10). hướng đông nam.chi tiết vui lòng liên hệ mr thạch hãn trung thực uy tín chuyên nghiệp.tư vấn nhiệt tình, miễn phí 24/24."
84,"chính chủ bán đất đường nguyễn hữu an, nại hiên đông, sơn trà, đà nẵng.+ vị trí cực đẹp, ngay cầu thuận phước, gần khách sạn dát vàng 5* hòa bình green,- diện tích: 10x18m = 180m2.chi tiết vui lòng liên hệ: mr thạch hãn 0905640525.trung thực - uy tín - chuyên nghiệp.tư vấn nhiệt tình, tận tâm, 24/24.","chính chủ bán đất đường nguyễn hữu an, nại hiên đông, sơn trà, đà nẵng. vị trí cực đẹp, ngay cầu thuận phước, gần khách sạn dát vàng 5 * hòa bình green, diện tích 10 x 18m 180m2.chi tiết vui lòng liên hệ mr thạch hãn 0905640525. trung thực uy tín chuyên nghiệp.tư vấn nhiệt tình, tận tâm, 24/24."
85,"chính chủ bán đất đường khuê mỹ đông 7, kdc nhà máy cao su, gần biển, đà nẵng-0905640525.* vị trí nằm trong khu vực ven biển mỹ khê, thích hợp đầu tư hoặc khai thác cho thuê.* diện tích 6x17m = 102m2. hướng đông.khách thiện chí liên hệ:mr thạch hãn","chính chủ bán đất đường khuê mỹ đông 7, kdc nhà máy cao su, gần biển, đà nẵng 0905640525. * vị trí nằm trong khu vực ven biển mỹ khê, thích hợp đầu tư hoặc khai thác cho thuê. * diện tích 6 x 17m 102m2. hướng đông. khách thiện chí liên hệ mr thạch hãn"
86,"chính chủ bán đất 2mt vũ ngọc nhạ, gần biển khu đầu tuyến sơn trà, thích hợp đầu tư  -vị trí đẹp, góc 2mt vũ ngọc nhạ đường 10m5, trục thông biển. thích hợp đầu tư. - diện tích 214m2, một mặt hướng ra biển, một mặt hướng ra lê đức thọ. thông tin cụ thể và giá cả vui lòng liên hệ: mr thạch hãn","chính chủ bán đất 2mt vũ ngọc nhạ, gần biển khu đầu tuyến sơn trà, thích hợp đầu tư vị trí đẹp, góc 2mt vũ ngọc nhạ đường 10m5, trục thông biển. thích hợp đầu tư. diện tích 214m2, một mặt hướng ra biển, một mặt hướng ra lê đức thọ. thông tin cụ thể và giá cả vui lòng liên hệ mr thạch hãn"
87,"chính chủ cần bán đất nguyễn đăng giai, khu đầu tuyến sơn trà điện ngọc, gần biển-0905640525vị tí đẹp, gần vũ ngọc nhạ ra biển rất gần.diện tích 10mx19m = 190m2.hướng biển.giá bán và thông tin cụ thể vui lòng liên hệ.mr thạch hãn trung thực-uy tín-chuyên nghiệp.chuyên nhận ký gửi bđs ven biển đà nẵng.","chính chủ cần bán đất nguyễn đăng giai, khu đầu tuyến sơn trà điện ngọc, gần biển 0905640525 vị tí đẹp, gần vũ ngọc nhạ ra biển rất gần. diện tích 10m x 19m 190m2. hướng biển. giá bán và thông tin cụ thể vui lòng liên hệ. mr thạch hãn trung thực uy tín chuyên nghiệp. chuyên nhận ký gửi bđs ven biển đà nẵng."
88,"chính chủ cần chuyển nhượng 180m2 đất đường dương tự minh, sơn trà, đà nẵng*vị trí gần hồ nghinh, nằm trong khu vực sầm uất bậc nhất ven biển phạm văn đông, thích hợp đầu tư, kinh doanh.+ diện tích: 9x20m = 180m2 + hướng bắc.","chính chủ cần chuyển nhượng 180m2 đất đường dương tự minh, sơn trà, đà nẵng * vị trí gần hồ nghinh, nằm trong khu vực sầm uất bậc nhất ven biển phạm văn đông, thích hợp đầu tư, kinh doanh. diện tích 9 x 20m 180m2 hướng bắc."
89,"cần bán gấp 2 lô liền kề đường phan tôn, p. mỹ an, ngũ hành sơn, đà nẵng* ưu điểm nằm trong khu vực trung tâm ven biển mỹ khê rất sầm uất. thích hợp đầu tư, kinh doanh dv lưu trú, nhà hàng, spa... dt: 9m x 20m = 180m2. pháp lý sổ đỏ, giao dịch với chính chủ. liên hệ ngay để đàm phán mua với giá tốt nhất.","cần bán gấp 2 lô liền kề đường phan tôn, p. mỹ an, ngũ hành sơn, đà nẵng * ưu điểm nằm trong khu vực trung tâm ven biển mỹ khê rất sầm uất. thích hợp đầu tư, kinh doanh dv lưu trú, nhà hàng, spa... dt 9m x 20m 180m2. pháp lý sổ đỏ, giao dịch với chính chủ. liên hệ ngay để đàm phán mua với giá tốt nhất."
90,"cần bán cặp đất đường trần hữu tước, phước mỹ, sơn trà, đà nẵng.- vị trí đẹp, nằm giữa hồ nghinh và võ nguyên giáp, lòng đường rộng 10m5.- diện tích 10x18m = 180m2. hướng bắc.chi tiết vui lòng liên hệ: mr thạch hãn  .","cần bán cặp đất đường trần hữu tước, phước mỹ, sơn trà, đà nẵng. vị trí đẹp, nằm giữa hồ nghinh và võ nguyên giáp, lòng đường rộng 10m5. diện tích 10 x 18m 180m2. hướng bắc. chi tiết vui lòng liên hệ mr thạch hãn ."
91,"* cần bán nhanh lô góc 3 mặt tiền đường trần văn dư- chế lan viên - đường kiệt 5m* vị trí đẹp, đường trần văn dư là trục thông với võ nguyên giáp và khoảng cách chỉ chưa đầy 200mthích hợp đầu tư, xây tòa căn hộ, khách sạn, nhà hàng, spa...* diện tích: 704.1m2 mặt tiền trần văn dư 42m7, mt chế lan viên và đường kiệt khoảng 17m. đất đẹp và vuông vức.* giá bán mong muốn là 8x tỷkhách thiện chí vui lòng liên hệ để được tư vấn và đàm phán mua với mức giá tốt nhất.","* cần bán nhanh lô góc 3 mặt tiền đường trần văn dư chế lan viên đường kiệt 5m * vị trí đẹp, đường trần văn dư là trục thông với võ nguyên giáp và khoảng cách chỉ chưa đầy 200m thích hợp đầu tư, xây tòa căn hộ, khách sạn, nhà hàng, spa... * diện tích 704.1m2 mặt tiền trần văn dư 42m7, mt chế lan viên và đường kiệt khoảng 17m. đất đẹp và vuông vức. * giá bán mong muốn là 8x tỷ khách thiện chí vui lòng liên hệ để được tư vấn và đàm phán mua với mức giá tốt nhất."
92,"* vị trí nằm trong khu vực ven biển mỹ khê, đi bộ ra biển chỉ 800m.* diện tích 525m2( mặt tiền ngang 11,9m * sâu 44m), hướng tây* giá bán thỏa thuận.khách thiện chí vui lòng liên hệ để được tư vấn và đàm phán mua với mức giá tốt nhất.","* vị trí nằm trong khu vực ven biển mỹ khê, đi bộ ra biển chỉ 800m. * diện tích 525m2 ( mặt tiền ngang 11,9m * sâu 44m), hướng tây * giá bán thỏa thuận. khách thiện chí vui lòng liên hệ để được tư vấn và đàm phán mua với mức giá tốt nhất."
93,"* vị trí đẹp, view sông hàn thơ mộng,(views cv asian park và điểm bắn pháo hoa quốc tế dự án của tập đoàn sungroup)* diện tích 10x20=200m2, hướng tây.* giá gia chủ muốn bán là 2x tỷ ( giá bán đến công chứng)khách thiện chí vui lòng liên hệ bđs thạch hãn để được tư vấn và đàm phán mua với mức giá tốt nhất.","* vị trí đẹp, view sông hàn thơ mộng, (views cv asian park và điểm bắn pháo hoa quốc tế dự án của tập đoàn sungroup) * diện tích 10 x 20 200m2, hướng tây. * giá gia chủ muốn bán là 2x tỷ ( giá bán đến công chứng)khách thiện chí vui lòng liên hệ bđs thạch hãn để được tư vấn và đàm phán mua với mức giá tốt nhất."
94,"đất mặt tiền đường chương dương, mỹ an, ngũ hành sơn, đà nẵng* vị trí đẹp, view sông hàn thơ mộng, view cv asian park...* diện tích 5x20=100m2, hướng tây* giá đầu tưkhách thiện chí vui lòng liên hệ để được tư vấn cụ thể và đàm phán mua với mức giá tốt nhất.","đất mặt tiền đường chương dương, mỹ an, ngũ hành sơn, đà nẵng * vị trí đẹp, view sông hàn thơ mộng, view cv asian park... * diện tích 5 x 20 100m2, hướng tây * giá đầu tư khách thiện chí vui lòng liên hệ để được tư vấn cụ thể và đàm phán mua với mức giá tốt nhất."
95,"cần bán nhanh biệt thự đẹp góc 2mt đường an dương vương* diện tích đất 320m2( mặt tiền 14m, sâu 20m, nở hậu 18m6)  diện tích xây dựng 148m2, diện tích sàn 296m2.* công năng đầy đủ, bt có 4 phòng ngủ, có gara oto...đặc biệt sàn trên và các phòng ngủ nền đều được lát gỗ căm se tự nhiên.* nhà hướng đông bắckhách thiện chí vui lòng liên hệ thêm để được tư vấn cụ thể!","cần bán nhanh biệt thự đẹp góc 2mt đường an dương vương * diện tích đất 320m2 ( mặt tiền 14m, sâu 20m, nở hậu 18m6) diện tích xây dựng 148m2, diện tích sàn 296m2. * công năng đầy đủ, bt có 4 phòng ngủ, có gara oto... đặc biệt sàn trên và các phòng ngủ nền đều được lát gỗ căm se tự nhiên. * nhà hướng đông bắc khách thiện chí vui lòng liên hệ thêm để được tư vấn cụ thể"
97,"* vị trí đẹp, mặt tiền đường ngũ hành sơn, gần ngã 3 giao nhau với đỗ bá ( đường 10m5 thông thẳng ra bãi biển mỹ khê)- thích hợp xây các công trình lớn như chung cư cao cấp, khách sạn, trung tâm thương mại, building...* diện tích 3820m2 (ngang khoảng 43m, sâu khoảng 99,5m), kết cấu thửa đất xem ở hình ảnh.* đất hướng tâykhách thiện chí vui lòng liên hệ!","* vị trí đẹp, mặt tiền đường ngũ hành sơn, gần ngã 3 giao nhau với đỗ bá ( đường 10m5 thông thẳng ra bãi biển mỹ khê) thích hợp xây các công trình lớn như chung cư cao cấp, khách sạn, trung tâm thương mại, building... * diện tích 3820m2 (ngang khoảng 43m, sâu khoảng 99,5m), kết cấu thửa đất xem ở hình ảnh. * đất hướng tây khách thiện chí vui lòng liên hệ"
98,"* diện tích 12m x 18m =212,5m2, hướng tây bắc* vị trí cách đường võ nguyên giáp, công viên cá voi, bãi biển khoảng 500mđường vương thừa vũ là trục chính kết nối thẳng từ trần hưng đạo(sông hàn) ra biểnthích hợp làm khách sạn, căn hộ, mở nhà hàng...khách thiện chí vui lòng liên hệ bđs thạch hãn để được tư vấn và đàm phán giá mua tốt nhất!","* diện tích 12m x 18m 212,5m2, hướng tây bắc * vị trí cách đường võ nguyên giáp, công viên cá voi, bãi biển khoảng 500m đường vương thừa vũ là trục chính kết nối thẳng từ trần hưng đạo (sông hàn) ra biển thích hợp làm khách sạn, căn hộ, mở nhà hàng... khách thiện chí vui lòng liên hệ bđs thạch hãn để được tư vấn và đàm phán giá mua tốt nhất"
99,"cần bán đất mặt tiền võ văn kiệt, sơn trà, đà nẵng* diện tích 20m x 20m =400m2, hướng namđã có giấy phép xây dựng 17 tầng nổi + tầng hầm và tầng lững.* vị trí đẹp, nằm trên trục đường chính kết nối thẳng từ sân bay quốc tế  cầu rồng  bãi biển mỹ khê. nơi tập trung nhiều nhà hàng, khách sạn, dịch vụ giải trí...khách thiện chí vui lòng liên hệ thạch hãn để được tư vấn và đàm phán về giá.","cần bán đất mặt tiền võ văn kiệt, sơn trà, đà nẵng * diện tích 20m x 20m 400m2, hướng nam đã có giấy phép xây dựng 17 tầng nổi tầng hầm và tầng lững. * vị trí đẹp, nằm trên trục đường chính kết nối thẳng từ sân bay quốc tế cầu rồng bãi biển mỹ khê. nơi tập trung nhiều nhà hàng, khách sạn, dịch vụ giải trí... khách thiện chí vui lòng liên hệ thạch hãn để được tư vấn và đàm phán về giá."
